file_type,scenario,overwrite_fraction,trial,recovered,exact_match,matching_bytes,total_bytes,recovery_ratio,method
text,recycle-bin,0.0,1,True,True,2048,2048,1.0,directory-metadata
text,recycle-bin,0.0,2,True,True,2048,2048,1.0,directory-metadata
text,recycle-bin,0.0,3,True,True,2048,2048,1.0,directory-metadata
text,recycle-bin,0.0,4,True,True,2048,2048,1.0,directory-metadata
text,recycle-bin,0.0,5,True,True,2048,2048,1.0,directory-metadata
text,recycle-bin,0.0,6,True,True,2048,2048,1.0,directory-metadata
text,recycle-bin,0.0,7,True,True,2048,2048,1.0,directory-metadata
text,recycle-bin,0.0,8,True,True,2048,2048,1.0,directory-metadata
text,recycle-bin,0.0,9,True,True,2048,2048,1.0,directory-metadata
text,recycle-bin,0.0,10,True,True,2048,2048,1.0,directory-metadata
text,recycle-bin,0.0,11,True,True,2048,2048,1.0,directory-metadata
text,recycle-bin,0.0,12,True,True,2048,2048,1.0,directory-metadata
text,recycle-bin,0.0,13,True,True,2048,2048,1.0,directory-metadata
text,recycle-bin,0.0,14,True,True,2048,2048,1.0,directory-metadata
text,recycle-bin,0.0,15,True,True,2048,2048,1.0,directory-metadata
text,recycle-bin,0.0,16,True,True,2048,2048,1.0,directory-metadata
text,recycle-bin,0.0,17,True,True,2048,2048,1.0,directory-metadata
text,recycle-bin,0.0,18,True,True,2048,2048,1.0,directory-metadata
text,recycle-bin,0.0,19,True,True,2048,2048,1.0,directory-metadata
text,recycle-bin,0.0,20,True,True,2048,2048,1.0,directory-metadata
text,recycle-bin,0.0,21,True,True,2048,2048,1.0,directory-metadata
text,recycle-bin,0.0,22,True,True,2048,2048,1.0,directory-metadata
text,recycle-bin,0.0,23,True,True,2048,2048,1.0,directory-metadata
text,recycle-bin,0.0,24,True,True,2048,2048,1.0,directory-metadata
text,recycle-bin,0.0,25,True,True,2048,2048,1.0,directory-metadata
text,emptied-recycle-bin,0.0,1,True,True,2048,2048,1.0,signature-carving
text,emptied-recycle-bin,0.0,2,True,True,2048,2048,1.0,signature-carving
text,emptied-recycle-bin,0.0,3,True,True,2048,2048,1.0,signature-carving
text,emptied-recycle-bin,0.0,4,True,True,2048,2048,1.0,signature-carving
text,emptied-recycle-bin,0.0,5,True,True,2048,2048,1.0,signature-carving
text,emptied-recycle-bin,0.0,6,True,True,2048,2048,1.0,signature-carving
text,emptied-recycle-bin,0.0,7,True,True,2048,2048,1.0,signature-carving
text,emptied-recycle-bin,0.0,8,True,True,2048,2048,1.0,signature-carving
text,emptied-recycle-bin,0.0,9,True,True,2048,2048,1.0,signature-carving
text,emptied-recycle-bin,0.0,10,True,True,2048,2048,1.0,signature-carving
text,emptied-recycle-bin,0.0,11,True,True,2048,2048,1.0,signature-carving
text,emptied-recycle-bin,0.0,12,True,True,2048,2048,1.0,signature-carving
text,emptied-recycle-bin,0.0,13,True,True,2048,2048,1.0,signature-carving
text,emptied-recycle-bin,0.0,14,True,True,2048,2048,1.0,signature-carving
text,emptied-recycle-bin,0.0,15,True,True,2048,2048,1.0,signature-carving
text,emptied-recycle-bin,0.0,16,True,True,2048,2048,1.0,signature-carving
text,emptied-recycle-bin,0.0,17,True,True,2048,2048,1.0,signature-carving
text,emptied-recycle-bin,0.0,18,True,True,2048,2048,1.0,signature-carving
text,emptied-recycle-bin,0.0,19,True,True,2048,2048,1.0,signature-carving
text,emptied-recycle-bin,0.0,20,True,True,2048,2048,1.0,signature-carving
text,emptied-recycle-bin,0.0,21,True,True,2048,2048,1.0,signature-carving
text,emptied-recycle-bin,0.0,22,True,True,2048,2048,1.0,signature-carving
text,emptied-recycle-bin,0.0,23,True,True,2048,2048,1.0,signature-carving
text,emptied-recycle-bin,0.0,24,True,True,2048,2048,1.0,signature-carving
text,emptied-recycle-bin,0.0,25,True,True,2048,2048,1.0,signature-carving
text,overwritten,0.25,1,False,False,0,2048,0.0,not-recovered
text,overwritten,0.25,2,False,False,0,2048,0.0,not-recovered
text,overwritten,0.25,3,True,False,1410,2048,0.6884765625,signature-carving
text,overwritten,0.25,4,True,False,1475,2048,0.72021484375,signature-carving
text,overwritten,0.25,5,True,False,1409,2048,0.68798828125,signature-carving
text,overwritten,0.25,6,True,False,1412,2048,0.689453125,signature-carving
text,overwritten,0.25,7,False,False,0,2048,0.0,not-recovered
text,overwritten,0.25,8,False,False,0,2048,0.0,not-recovered
text,overwritten,0.25,9,False,False,0,2048,0.0,not-recovered
text,overwritten,0.25,10,False,False,0,2048,0.0,not-recovered
text,overwritten,0.25,11,False,False,0,2048,0.0,not-recovered
text,overwritten,0.25,12,True,False,1409,2048,0.68798828125,signature-carving
text,overwritten,0.25,13,False,False,0,2048,0.0,not-recovered
text,overwritten,0.25,14,False,False,0,2048,0.0,not-recovered
text,overwritten,0.25,15,True,False,1411,2048,0.68896484375,signature-carving
text,overwritten,0.25,16,True,False,1409,2048,0.68798828125,signature-carving
text,overwritten,0.25,17,False,False,0,2048,0.0,not-recovered
text,overwritten,0.25,18,False,False,0,2048,0.0,not-recovered
text,overwritten,0.25,19,True,False,1475,2048,0.72021484375,signature-carving
text,overwritten,0.25,20,True,False,1410,2048,0.6884765625,signature-carving
text,overwritten,0.25,21,True,False,1409,2048,0.68798828125,signature-carving
text,overwritten,0.25,22,False,False,0,2048,0.0,not-recovered
text,overwritten,0.25,23,True,False,1410,2048,0.6884765625,signature-carving
text,overwritten,0.25,24,True,False,1409,2048,0.68798828125,signature-carving
text,overwritten,0.25,25,True,False,1409,2048,0.68798828125,signature-carving
text,overwritten,0.5,1,True,False,904,2048,0.44140625,signature-carving
text,overwritten,0.5,2,True,False,901,2048,0.43994140625,signature-carving
text,overwritten,0.5,3,False,False,0,2048,0.0,not-recovered
text,overwritten,0.5,4,False,False,0,2048,0.0,not-recovered
text,overwritten,0.5,5,False,False,0,2048,0.0,not-recovered
text,overwritten,0.5,6,True,False,900,2048,0.439453125,signature-carving
text,overwritten,0.5,7,True,False,901,2048,0.43994140625,signature-carving
text,overwritten,0.5,8,True,False,901,2048,0.43994140625,signature-carving
text,overwritten,0.5,9,True,False,902,2048,0.4404296875,signature-carving
text,overwritten,0.5,10,True,False,898,2048,0.4384765625,signature-carving
text,overwritten,0.5,11,False,False,0,2048,0.0,not-recovered
text,overwritten,0.5,12,False,False,0,2048,0.0,not-recovered
text,overwritten,0.5,13,False,False,0,2048,0.0,not-recovered
text,overwritten,0.5,14,True,False,898,2048,0.4384765625,signature-carving
text,overwritten,0.5,15,False,False,0,2048,0.0,not-recovered
text,overwritten,0.5,16,True,False,899,2048,0.43896484375,signature-carving
text,overwritten,0.5,17,True,False,899,2048,0.43896484375,signature-carving
text,overwritten,0.5,18,False,False,0,2048,0.0,not-recovered
text,overwritten,0.5,19,False,False,0,2048,0.0,not-recovered
text,overwritten,0.5,20,True,False,971,2048,0.47412109375,signature-carving
text,overwritten,0.5,21,False,False,0,2048,0.0,not-recovered
text,overwritten,0.5,22,False,False,0,2048,0.0,not-recovered
text,overwritten,0.5,23,True,False,969,2048,0.47314453125,signature-carving
text,overwritten,0.5,24,False,False,0,2048,0.0,not-recovered
text,overwritten,0.5,25,True,False,964,2048,0.470703125,signature-carving
text,overwritten,0.75,1,False,False,0,2048,0.0,not-recovered
text,overwritten,0.75,2,False,False,0,2048,0.0,not-recovered
text,overwritten,0.75,3,False,False,0,2048,0.0,not-recovered
text,overwritten,0.75,4,False,False,0,2048,0.0,not-recovered
text,overwritten,0.75,5,False,False,0,2048,0.0,not-recovered
text,overwritten,0.75,6,False,False,0,2048,0.0,not-recovered
text,overwritten,0.75,7,False,False,0,2048,0.0,not-recovered
text,overwritten,0.75,8,True,False,456,2048,0.22265625,signature-carving
text,overwritten,0.75,9,False,False,0,2048,0.0,not-recovered
text,overwritten,0.75,10,False,False,0,2048,0.0,not-recovered
text,overwritten,0.75,11,False,False,0,2048,0.0,not-recovered
text,overwritten,0.75,12,False,False,0,2048,0.0,not-recovered
text,overwritten,0.75,13,False,False,0,2048,0.0,not-recovered
text,overwritten,0.75,14,True,False,458,2048,0.2236328125,signature-carving
text,overwritten,0.75,15,True,False,454,2048,0.2216796875,signature-carving
text,overwritten,0.75,16,True,False,459,2048,0.22412109375,signature-carving
text,overwritten,0.75,17,True,False,389,2048,0.18994140625,signature-carving
text,overwritten,0.75,18,True,False,451,2048,0.22021484375,signature-carving
text,overwritten,0.75,19,False,False,0,2048,0.0,not-recovered
text,overwritten,0.75,20,True,False,457,2048,0.22314453125,signature-carving
text,overwritten,0.75,21,True,False,453,2048,0.22119140625,signature-carving
text,overwritten,0.75,22,False,False,0,2048,0.0,not-recovered
text,overwritten,0.75,23,False,False,0,2048,0.0,not-recovered
text,overwritten,0.75,24,False,False,0,2048,0.0,not-recovered
text,overwritten,0.75,25,False,False,0,2048,0.0,not-recovered
text,overwritten,1.0,1,False,False,0,2048,0.0,not-recovered
text,overwritten,1.0,2,False,False,0,2048,0.0,not-recovered
text,overwritten,1.0,3,False,False,0,2048,0.0,not-recovered
text,overwritten,1.0,4,False,False,0,2048,0.0,not-recovered
text,overwritten,1.0,5,False,False,0,2048,0.0,not-recovered
text,overwritten,1.0,6,False,False,0,2048,0.0,not-recovered
text,overwritten,1.0,7,False,False,0,2048,0.0,not-recovered
text,overwritten,1.0,8,False,False,0,2048,0.0,not-recovered
text,overwritten,1.0,9,False,False,0,2048,0.0,not-recovered
text,overwritten,1.0,10,False,False,0,2048,0.0,not-recovered
text,overwritten,1.0,11,False,False,0,2048,0.0,not-recovered
text,overwritten,1.0,12,False,False,0,2048,0.0,not-recovered
text,overwritten,1.0,13,False,False,0,2048,0.0,not-recovered
text,overwritten,1.0,14,False,False,0,2048,0.0,not-recovered
text,overwritten,1.0,15,False,False,0,2048,0.0,not-recovered
text,overwritten,1.0,16,False,False,0,2048,0.0,not-recovered
text,overwritten,1.0,17,False,False,0,2048,0.0,not-recovered
text,overwritten,1.0,18,False,False,0,2048,0.0,not-recovered
text,overwritten,1.0,19,False,False,0,2048,0.0,not-recovered
text,overwritten,1.0,20,False,False,0,2048,0.0,not-recovered
text,overwritten,1.0,21,False,False,0,2048,0.0,not-recovered
text,overwritten,1.0,22,False,False,0,2048,0.0,not-recovered
text,overwritten,1.0,23,False,False,0,2048,0.0,not-recovered
text,overwritten,1.0,24,False,False,0,2048,0.0,not-recovered
text,overwritten,1.0,25,False,False,0,2048,0.0,not-recovered
image,recycle-bin,0.0,1,True,True,4096,4096,1.0,directory-metadata
image,recycle-bin,0.0,2,True,True,4096,4096,1.0,directory-metadata
image,recycle-bin,0.0,3,True,True,4096,4096,1.0,directory-metadata
image,recycle-bin,0.0,4,True,True,4096,4096,1.0,directory-metadata
image,recycle-bin,0.0,5,True,True,4096,4096,1.0,directory-metadata
image,recycle-bin,0.0,6,True,True,4096,4096,1.0,directory-metadata
image,recycle-bin,0.0,7,True,True,4096,4096,1.0,directory-metadata
image,recycle-bin,0.0,8,True,True,4096,4096,1.0,directory-metadata
image,recycle-bin,0.0,9,True,True,4096,4096,1.0,directory-metadata
image,recycle-bin,0.0,10,True,True,4096,4096,1.0,directory-metadata
image,recycle-bin,0.0,11,True,True,4096,4096,1.0,directory-metadata
image,recycle-bin,0.0,12,True,True,4096,4096,1.0,directory-metadata
image,recycle-bin,0.0,13,True,True,4096,4096,1.0,directory-metadata
image,recycle-bin,0.0,14,True,True,4096,4096,1.0,directory-metadata
image,recycle-bin,0.0,15,True,True,4096,4096,1.0,directory-metadata
image,recycle-bin,0.0,16,True,True,4096,4096,1.0,directory-metadata
image,recycle-bin,0.0,17,True,True,4096,4096,1.0,directory-metadata
image,recycle-bin,0.0,18,True,True,4096,4096,1.0,directory-metadata
image,recycle-bin,0.0,19,True,True,4096,4096,1.0,directory-metadata
image,recycle-bin,0.0,20,True,True,4096,4096,1.0,directory-metadata
image,recycle-bin,0.0,21,True,True,4096,4096,1.0,directory-metadata
image,recycle-bin,0.0,22,True,True,4096,4096,1.0,directory-metadata
image,recycle-bin,0.0,23,True,True,4096,4096,1.0,directory-metadata
image,recycle-bin,0.0,24,True,True,4096,4096,1.0,directory-metadata
image,recycle-bin,0.0,25,True,True,4096,4096,1.0,directory-metadata
image,emptied-recycle-bin,0.0,1,True,True,4096,4096,1.0,signature-carving
image,emptied-recycle-bin,0.0,2,True,True,4096,4096,1.0,signature-carving
image,emptied-recycle-bin,0.0,3,True,True,4096,4096,1.0,signature-carving
image,emptied-recycle-bin,0.0,4,True,True,4096,4096,1.0,signature-carving
image,emptied-recycle-bin,0.0,5,True,True,4096,4096,1.0,signature-carving
image,emptied-recycle-bin,0.0,6,True,True,4096,4096,1.0,signature-carving
image,emptied-recycle-bin,0.0,7,True,True,4096,4096,1.0,signature-carving
image,emptied-recycle-bin,0.0,8,True,True,4096,4096,1.0,signature-carving
image,emptied-recycle-bin,0.0,9,True,True,4096,4096,1.0,signature-carving
image,emptied-recycle-bin,0.0,10,True,True,4096,4096,1.0,signature-carving
image,emptied-recycle-bin,0.0,11,True,True,4096,4096,1.0,signature-carving
image,emptied-recycle-bin,0.0,12,True,True,4096,4096,1.0,signature-carving
image,emptied-recycle-bin,0.0,13,True,True,4096,4096,1.0,signature-carving
image,emptied-recycle-bin,0.0,14,True,True,4096,4096,1.0,signature-carving
image,emptied-recycle-bin,0.0,15,True,True,4096,4096,1.0,signature-carving
image,emptied-recycle-bin,0.0,16,True,True,4096,4096,1.0,signature-carving
image,emptied-recycle-bin,0.0,17,True,True,4096,4096,1.0,signature-carving
image,emptied-recycle-bin,0.0,18,True,True,4096,4096,1.0,signature-carving
image,emptied-recycle-bin,0.0,19,True,True,4096,4096,1.0,signature-carving
image,emptied-recycle-bin,0.0,20,True,True,4096,4096,1.0,signature-carving
image,emptied-recycle-bin,0.0,21,True,True,4096,4096,1.0,signature-carving
image,emptied-recycle-bin,0.0,22,True,True,4096,4096,1.0,signature-carving
image,emptied-recycle-bin,0.0,23,True,True,4096,4096,1.0,signature-carving
image,emptied-recycle-bin,0.0,24,True,True,4096,4096,1.0,signature-carving
image,emptied-recycle-bin,0.0,25,True,True,4096,4096,1.0,signature-carving
image,overwritten,0.25,1,False,False,0,4096,0.0,not-recovered
image,overwritten,0.25,2,True,False,2948,4096,0.7197265625,signature-carving
image,overwritten,0.25,3,False,False,0,4096,0.0,not-recovered
image,overwritten,0.25,4,True,False,2950,4096,0.72021484375,signature-carving
image,overwritten,0.25,5,True,False,3014,4096,0.73583984375,signature-carving
image,overwritten,0.25,6,True,False,2948,4096,0.7197265625,signature-carving
image,overwritten,0.25,7,True,False,2945,4096,0.718994140625,signature-carving
image,overwritten,0.25,8,True,False,2948,4096,0.7197265625,signature-carving
image,overwritten,0.25,9,False,False,0,4096,0.0,not-recovered
image,overwritten,0.25,10,True,False,2952,4096,0.720703125,signature-carving
image,overwritten,0.25,11,True,False,2947,4096,0.719482421875,signature-carving
image,overwritten,0.25,12,True,False,2946,4096,0.71923828125,signature-carving
image,overwritten,0.25,13,True,False,3011,4096,0.735107421875,signature-carving
image,overwritten,0.25,14,True,False,3015,4096,0.736083984375,signature-carving
image,overwritten,0.25,15,True,False,3012,4096,0.7353515625,signature-carving
image,overwritten,0.25,16,True,False,2951,4096,0.720458984375,signature-carving
image,overwritten,0.25,17,True,False,3012,4096,0.7353515625,signature-carving
image,overwritten,0.25,18,True,False,3010,4096,0.73486328125,signature-carving
image,overwritten,0.25,19,True,False,3011,4096,0.735107421875,signature-carving
image,overwritten,0.25,20,False,False,0,4096,0.0,not-recovered
image,overwritten,0.25,21,True,False,2948,4096,0.7197265625,signature-carving
image,overwritten,0.25,22,True,False,2949,4096,0.719970703125,signature-carving
image,overwritten,0.25,23,True,False,3014,4096,0.73583984375,signature-carving
image,overwritten,0.25,24,False,False,0,4096,0.0,not-recovered
image,overwritten,0.25,25,True,False,2947,4096,0.719482421875,signature-carving
image,overwritten,0.5,1,False,False,0,4096,0.0,not-recovered
image,overwritten,0.5,2,False,False,0,4096,0.0,not-recovered
image,overwritten,0.5,3,False,False,0,4096,0.0,not-recovered
image,overwritten,0.5,4,False,False,0,4096,0.0,not-recovered
image,overwritten,0.5,5,False,False,0,4096,0.0,not-recovered
image,overwritten,0.5,6,True,False,1990,4096,0.48583984375,signature-carving
image,overwritten,0.5,7,True,False,1931,4096,0.471435546875,signature-carving
image,overwritten,0.5,8,False,False,0,4096,0.0,not-recovered
image,overwritten,0.5,9,False,False,0,4096,0.0,not-recovered
image,overwritten,0.5,10,True,False,1929,4096,0.470947265625,signature-carving
image,overwritten,0.5,11,True,False,1929,4096,0.470947265625,signature-carving
image,overwritten,0.5,12,False,False,0,4096,0.0,not-recovered
image,overwritten,0.5,13,True,False,1925,4096,0.469970703125,signature-carving
image,overwritten,0.5,14,False,False,0,4096,0.0,not-recovered
image,overwritten,0.5,15,True,False,1992,4096,0.486328125,signature-carving
image,overwritten,0.5,16,True,False,1990,4096,0.48583984375,signature-carving
image,overwritten,0.5,17,True,False,1987,4096,0.485107421875,signature-carving
image,overwritten,0.5,18,True,False,1927,4096,0.470458984375,signature-carving
image,overwritten,0.5,19,False,False,0,4096,0.0,not-recovered
image,overwritten,0.5,20,True,False,1998,4096,0.48779296875,signature-carving
image,overwritten,0.5,21,False,False,0,4096,0.0,not-recovered
image,overwritten,0.5,22,False,False,0,4096,0.0,not-recovered
image,overwritten,0.5,23,False,False,0,4096,0.0,not-recovered
image,overwritten,0.5,24,False,False,0,4096,0.0,not-recovered
image,overwritten,0.5,25,False,False,0,4096,0.0,not-recovered
image,overwritten,0.75,1,False,False,0,4096,0.0,not-recovered
image,overwritten,0.75,2,True,False,972,4096,0.2373046875,signature-carving
image,overwritten,0.75,3,False,False,0,4096,0.0,not-recovered
image,overwritten,0.75,4,False,False,0,4096,0.0,not-recovered
image,overwritten,0.75,5,False,False,0,4096,0.0,not-recovered
image,overwritten,0.75,6,False,False,0,4096,0.0,not-recovered
image,overwritten,0.75,7,False,False,0,4096,0.0,not-recovered
image,overwritten,0.75,8,True,False,975,4096,0.238037109375,signature-carving
image,overwritten,0.75,9,False,False,0,4096,0.0,not-recovered
image,overwritten,0.75,10,False,False,0,4096,0.0,not-recovered
image,overwritten,0.75,11,False,False,0,4096,0.0,not-recovered
image,overwritten,0.75,12,True,False,971,4096,0.237060546875,signature-carving
image,overwritten,0.75,13,False,False,0,4096,0.0,not-recovered
image,overwritten,0.75,14,False,False,0,4096,0.0,not-recovered
image,overwritten,0.75,15,False,False,0,4096,0.0,not-recovered
image,overwritten,0.75,16,False,False,0,4096,0.0,not-recovered
image,overwritten,0.75,17,False,False,0,4096,0.0,not-recovered
image,overwritten,0.75,18,True,False,973,4096,0.237548828125,signature-carving
image,overwritten,0.75,19,True,False,971,4096,0.237060546875,signature-carving
image,overwritten,0.75,20,False,False,0,4096,0.0,not-recovered
image,overwritten,0.75,21,False,False,0,4096,0.0,not-recovered
image,overwritten,0.75,22,False,False,0,4096,0.0,not-recovered
image,overwritten,0.75,23,True,False,973,4096,0.237548828125,signature-carving
image,overwritten,0.75,24,False,False,0,4096,0.0,not-recovered
image,overwritten,0.75,25,False,False,0,4096,0.0,not-recovered
image,overwritten,1.0,1,False,False,0,4096,0.0,not-recovered
image,overwritten,1.0,2,False,False,0,4096,0.0,not-recovered
image,overwritten,1.0,3,False,False,0,4096,0.0,not-recovered
image,overwritten,1.0,4,False,False,0,4096,0.0,not-recovered
image,overwritten,1.0,5,False,False,0,4096,0.0,not-recovered
image,overwritten,1.0,6,False,False,0,4096,0.0,not-recovered
image,overwritten,1.0,7,False,False,0,4096,0.0,not-recovered
image,overwritten,1.0,8,False,False,0,4096,0.0,not-recovered
image,overwritten,1.0,9,False,False,0,4096,0.0,not-recovered
image,overwritten,1.0,10,False,False,0,4096,0.0,not-recovered
image,overwritten,1.0,11,False,False,0,4096,0.0,not-recovered
image,overwritten,1.0,12,False,False,0,4096,0.0,not-recovered
image,overwritten,1.0,13,False,False,0,4096,0.0,not-recovered
image,overwritten,1.0,14,False,False,0,4096,0.0,not-recovered
image,overwritten,1.0,15,False,False,0,4096,0.0,not-recovered
image,overwritten,1.0,16,False,False,0,4096,0.0,not-recovered
image,overwritten,1.0,17,False,False,0,4096,0.0,not-recovered
image,overwritten,1.0,18,False,False,0,4096,0.0,not-recovered
image,overwritten,1.0,19,False,False,0,4096,0.0,not-recovered
image,overwritten,1.0,20,False,False,0,4096,0.0,not-recovered
image,overwritten,1.0,21,False,False,0,4096,0.0,not-recovered
image,overwritten,1.0,22,False,False,0,4096,0.0,not-recovered
image,overwritten,1.0,23,False,False,0,4096,0.0,not-recovered
image,overwritten,1.0,24,False,False,0,4096,0.0,not-recovered
image,overwritten,1.0,25,False,False,0,4096,0.0,not-recovered
document,recycle-bin,0.0,1,True,True,3072,3072,1.0,directory-metadata
document,recycle-bin,0.0,2,True,True,3072,3072,1.0,directory-metadata
document,recycle-bin,0.0,3,True,True,3072,3072,1.0,directory-metadata
document,recycle-bin,0.0,4,True,True,3072,3072,1.0,directory-metadata
document,recycle-bin,0.0,5,True,True,3072,3072,1.0,directory-metadata
document,recycle-bin,0.0,6,True,True,3072,3072,1.0,directory-metadata
document,recycle-bin,0.0,7,True,True,3072,3072,1.0,directory-metadata
document,recycle-bin,0.0,8,True,True,3072,3072,1.0,directory-metadata
document,recycle-bin,0.0,9,True,True,3072,3072,1.0,directory-metadata
document,recycle-bin,0.0,10,True,True,3072,3072,1.0,directory-metadata
document,recycle-bin,0.0,11,True,True,3072,3072,1.0,directory-metadata
document,recycle-bin,0.0,12,True,True,3072,3072,1.0,directory-metadata
document,recycle-bin,0.0,13,True,True,3072,3072,1.0,directory-metadata
document,recycle-bin,0.0,14,True,True,3072,3072,1.0,directory-metadata
document,recycle-bin,0.0,15,True,True,3072,3072,1.0,directory-metadata
document,recycle-bin,0.0,16,True,True,3072,3072,1.0,directory-metadata
document,recycle-bin,0.0,17,True,True,3072,3072,1.0,directory-metadata
document,recycle-bin,0.0,18,True,True,3072,3072,1.0,directory-metadata
document,recycle-bin,0.0,19,True,True,3072,3072,1.0,directory-metadata
document,recycle-bin,0.0,20,True,True,3072,3072,1.0,directory-metadata
document,recycle-bin,0.0,21,True,True,3072,3072,1.0,directory-metadata
document,recycle-bin,0.0,22,True,True,3072,3072,1.0,directory-metadata
document,recycle-bin,0.0,23,True,True,3072,3072,1.0,directory-metadata
document,recycle-bin,0.0,24,True,True,3072,3072,1.0,directory-metadata
document,recycle-bin,0.0,25,True,True,3072,3072,1.0,directory-metadata
document,emptied-recycle-bin,0.0,1,True,True,3072,3072,1.0,signature-carving
document,emptied-recycle-bin,0.0,2,True,True,3072,3072,1.0,signature-carving
document,emptied-recycle-bin,0.0,3,True,True,3072,3072,1.0,signature-carving
document,emptied-recycle-bin,0.0,4,True,True,3072,3072,1.0,signature-carving
document,emptied-recycle-bin,0.0,5,True,True,3072,3072,1.0,signature-carving
document,emptied-recycle-bin,0.0,6,True,True,3072,3072,1.0,signature-carving
document,emptied-recycle-bin,0.0,7,True,True,3072,3072,1.0,signature-carving
document,emptied-recycle-bin,0.0,8,True,True,3072,3072,1.0,signature-carving
document,emptied-recycle-bin,0.0,9,True,True,3072,3072,1.0,signature-carving
document,emptied-recycle-bin,0.0,10,True,True,3072,3072,1.0,signature-carving
document,emptied-recycle-bin,0.0,11,True,True,3072,3072,1.0,signature-carving
document,emptied-recycle-bin,0.0,12,True,True,3072,3072,1.0,signature-carving
document,emptied-recycle-bin,0.0,13,True,True,3072,3072,1.0,signature-carving
document,emptied-recycle-bin,0.0,14,True,True,3072,3072,1.0,signature-carving
document,emptied-recycle-bin,0.0,15,True,True,3072,3072,1.0,signature-carving
document,emptied-recycle-bin,0.0,16,True,True,3072,3072,1.0,signature-carving
document,emptied-recycle-bin,0.0,17,True,True,3072,3072,1.0,signature-carving
document,emptied-recycle-bin,0.0,18,True,True,3072,3072,1.0,signature-carving
document,emptied-recycle-bin,0.0,19,True,True,3072,3072,1.0,signature-carving
document,emptied-recycle-bin,0.0,20,True,True,3072,3072,1.0,signature-carving
document,emptied-recycle-bin,0.0,21,True,True,3072,3072,1.0,signature-carving
document,emptied-recycle-bin,0.0,22,True,True,3072,3072,1.0,signature-carving
document,emptied-recycle-bin,0.0,23,True,True,3072,3072,1.0,signature-carving
document,emptied-recycle-bin,0.0,24,True,True,3072,3072,1.0,signature-carving
document,emptied-recycle-bin,0.0,25,True,True,3072,3072,1.0,signature-carving
document,overwritten,0.25,1,True,False,2238,3072,0.728515625,signature-carving
document,overwritten,0.25,2,True,False,2179,3072,0.7093098958333334,signature-carving
document,overwritten,0.25,3,True,False,2177,3072,0.7086588541666666,signature-carving
document,overwritten,0.25,4,True,False,2178,3072,0.708984375,signature-carving
document,overwritten,0.25,5,False,False,0,3072,0.0,not-recovered
document,overwritten,0.25,6,True,False,2241,3072,0.7294921875,signature-carving
document,overwritten,0.25,7,True,False,2240,3072,0.7291666666666666,signature-carving
document,overwritten,0.25,8,True,False,2179,3072,0.7093098958333334,signature-carving
document,overwritten,0.25,9,True,False,2183,3072,0.7106119791666666,signature-carving
document,overwritten,0.25,10,True,False,2180,3072,0.7096354166666666,signature-carving
document,overwritten,0.25,11,False,False,0,3072,0.0,not-recovered
document,overwritten,0.25,12,False,False,0,3072,0.0,not-recovered
document,overwritten,0.25,13,True,False,2185,3072,0.7112630208333334,signature-carving
document,overwritten,0.25,14,True,False,2240,3072,0.7291666666666666,signature-carving
document,overwritten,0.25,15,False,False,0,3072,0.0,not-recovered
document,overwritten,0.25,16,True,False,2177,3072,0.7086588541666666,signature-carving
document,overwritten,0.25,17,False,False,0,3072,0.0,not-recovered
document,overwritten,0.25,18,False,False,0,3072,0.0,not-recovered
document,overwritten,0.25,19,True,False,2181,3072,0.7099609375,signature-carving
document,overwritten,0.25,20,True,False,2244,3072,0.73046875,signature-carving
document,overwritten,0.25,21,True,False,2179,3072,0.7093098958333334,signature-carving
document,overwritten,0.25,22,True,False,2238,3072,0.728515625,signature-carving
document,overwritten,0.25,23,False,False,0,3072,0.0,not-recovered
document,overwritten,0.25,24,False,False,0,3072,0.0,not-recovered
document,overwritten,0.25,25,True,False,2240,3072,0.7291666666666666,signature-carving
document,overwritten,0.5,1,True,False,1475,3072,0.4801432291666667,signature-carving
document,overwritten,0.5,2,False,False,0,3072,0.0,not-recovered
document,overwritten,0.5,3,False,False,0,3072,0.0,not-recovered
document,overwritten,0.5,4,True,False,1475,3072,0.4801432291666667,signature-carving
document,overwritten,0.5,5,True,False,1416,3072,0.4609375,signature-carving
document,overwritten,0.5,6,False,False,0,3072,0.0,not-recovered
document,overwritten,0.5,7,True,False,1471,3072,0.4788411458333333,signature-carving
document,overwritten,0.5,8,True,False,1473,3072,0.4794921875,signature-carving
document,overwritten,0.5,9,False,False,0,3072,0.0,not-recovered
document,overwritten,0.5,10,False,False,0,3072,0.0,not-recovered
document,overwritten,0.5,11,True,False,1414,3072,0.4602864583333333,signature-carving
document,overwritten,0.5,12,False,False,0,3072,0.0,not-recovered
document,overwritten,0.5,13,False,False,0,3072,0.0,not-recovered
document,overwritten,0.5,14,True,False,1417,3072,0.4612630208333333,signature-carving
document,overwritten,0.5,15,True,False,1475,3072,0.4801432291666667,signature-carving
document,overwritten,0.5,16,True,False,1414,3072,0.4602864583333333,signature-carving
document,overwritten,0.5,17,False,False,0,3072,0.0,not-recovered
document,overwritten,0.5,18,False,False,0,3072,0.0,not-recovered
document,overwritten,0.5,19,True,False,1413,3072,0.4599609375,signature-carving
document,overwritten,0.5,20,True,False,1475,3072,0.4801432291666667,signature-carving
document,overwritten,0.5,21,True,False,1409,3072,0.4586588541666667,signature-carving
document,overwritten,0.5,22,True,False,1473,3072,0.4794921875,signature-carving
document,overwritten,0.5,23,False,False,0,3072,0.0,not-recovered
document,overwritten,0.5,24,False,False,0,3072,0.0,not-recovered
document,overwritten,0.5,25,True,False,1415,3072,0.4606119791666667,signature-carving
document,overwritten,0.75,1,False,False,0,3072,0.0,not-recovered
document,overwritten,0.75,2,False,False,0,3072,0.0,not-recovered
document,overwritten,0.75,3,False,False,0,3072,0.0,not-recovered
document,overwritten,0.75,4,False,False,0,3072,0.0,not-recovered
document,overwritten,0.75,5,False,False,0,3072,0.0,not-recovered
document,overwritten,0.75,6,False,False,0,3072,0.0,not-recovered
document,overwritten,0.75,7,False,False,0,3072,0.0,not-recovered
document,overwritten,0.75,8,False,False,0,3072,0.0,not-recovered
document,overwritten,0.75,9,True,False,707,3072,0.23014322916666666,signature-carving
document,overwritten,0.75,10,True,False,707,3072,0.23014322916666666,signature-carving
document,overwritten,0.75,11,False,False,0,3072,0.0,not-recovered
document,overwritten,0.75,12,False,False,0,3072,0.0,not-recovered
document,overwritten,0.75,13,False,False,0,3072,0.0,not-recovered
document,overwritten,0.75,14,True,False,646,3072,0.21028645833333334,signature-carving
document,overwritten,0.75,15,False,False,0,3072,0.0,not-recovered
document,overwritten,0.75,16,False,False,0,3072,0.0,not-recovered
document,overwritten,0.75,17,False,False,0,3072,0.0,not-recovered
document,overwritten,0.75,18,True,False,708,3072,0.23046875,signature-carving
document,overwritten,0.75,19,False,False,0,3072,0.0,not-recovered
document,overwritten,0.75,20,False,False,0,3072,0.0,not-recovered
document,overwritten,0.75,21,False,False,0,3072,0.0,not-recovered
document,overwritten,0.75,22,True,False,708,3072,0.23046875,signature-carving
document,overwritten,0.75,23,True,False,711,3072,0.2314453125,signature-carving
document,overwritten,0.75,24,False,False,0,3072,0.0,not-recovered
document,overwritten,0.75,25,True,False,712,3072,0.23177083333333334,signature-carving
document,overwritten,1.0,1,False,False,0,3072,0.0,not-recovered
document,overwritten,1.0,2,False,False,0,3072,0.0,not-recovered
document,overwritten,1.0,3,False,False,0,3072,0.0,not-recovered
document,overwritten,1.0,4,False,False,0,3072,0.0,not-recovered
document,overwritten,1.0,5,False,False,0,3072,0.0,not-recovered
document,overwritten,1.0,6,False,False,0,3072,0.0,not-recovered
document,overwritten,1.0,7,False,False,0,3072,0.0,not-recovered
document,overwritten,1.0,8,False,False,0,3072,0.0,not-recovered
document,overwritten,1.0,9,False,False,0,3072,0.0,not-recovered
document,overwritten,1.0,10,False,False,0,3072,0.0,not-recovered
document,overwritten,1.0,11,False,False,0,3072,0.0,not-recovered
document,overwritten,1.0,12,False,False,0,3072,0.0,not-recovered
document,overwritten,1.0,13,False,False,0,3072,0.0,not-recovered
document,overwritten,1.0,14,False,False,0,3072,0.0,not-recovered
document,overwritten,1.0,15,False,False,0,3072,0.0,not-recovered
document,overwritten,1.0,16,False,False,0,3072,0.0,not-recovered
document,overwritten,1.0,17,False,False,0,3072,0.0,not-recovered
document,overwritten,1.0,18,False,False,0,3072,0.0,not-recovered
document,overwritten,1.0,19,False,False,0,3072,0.0,not-recovered
document,overwritten,1.0,20,False,False,0,3072,0.0,not-recovered
document,overwritten,1.0,21,False,False,0,3072,0.0,not-recovered
document,overwritten,1.0,22,False,False,0,3072,0.0,not-recovered
document,overwritten,1.0,23,False,False,0,3072,0.0,not-recovered
document,overwritten,1.0,24,False,False,0,3072,0.0,not-recovered
document,overwritten,1.0,25,False,False,0,3072,0.0,not-recovered
