scenario,repetition,target_user,payload_sha256,authorized_attempt,legacy_authenticated,secure_authenticated,legacy_unauthorized_access,secure_unauthorized_access,legacy_rows_exposed,secure_rows_exposed,database_intact
valid_credentials,1,student_000,0a6568db10265156f0d677400a9062ed068e71953912f93140e33af90b1c0cb4,True,True,True,False,False,1,1,True
valid_credentials,2,student_000,0a6568db10265156f0d677400a9062ed068e71953912f93140e33af90b1c0cb4,True,True,True,False,False,1,1,True
valid_credentials,3,student_000,0a6568db10265156f0d677400a9062ed068e71953912f93140e33af90b1c0cb4,True,True,True,False,False,1,1,True
valid_credentials,4,student_000,0a6568db10265156f0d677400a9062ed068e71953912f93140e33af90b1c0cb4,True,True,True,False,False,1,1,True
valid_credentials,1,student_001,f7a87a32085a0d61ac6f5879fb03315d5eeca2b34aca62d93ec6c316d1fe620f,True,True,True,False,False,1,1,True
valid_credentials,2,student_001,f7a87a32085a0d61ac6f5879fb03315d5eeca2b34aca62d93ec6c316d1fe620f,True,True,True,False,False,1,1,True
valid_credentials,3,student_001,f7a87a32085a0d61ac6f5879fb03315d5eeca2b34aca62d93ec6c316d1fe620f,True,True,True,False,False,1,1,True
valid_credentials,4,student_001,f7a87a32085a0d61ac6f5879fb03315d5eeca2b34aca62d93ec6c316d1fe620f,True,True,True,False,False,1,1,True
valid_credentials,1,student_002,1ddc56d2fec140b0312243603aba9cbe48874a4eafbbcf412ca62cfb8c5c653f,True,True,True,False,False,1,1,True
valid_credentials,2,student_002,1ddc56d2fec140b0312243603aba9cbe48874a4eafbbcf412ca62cfb8c5c653f,True,True,True,False,False,1,1,True
valid_credentials,3,student_002,1ddc56d2fec140b0312243603aba9cbe48874a4eafbbcf412ca62cfb8c5c653f,True,True,True,False,False,1,1,True
valid_credentials,4,student_002,1ddc56d2fec140b0312243603aba9cbe48874a4eafbbcf412ca62cfb8c5c653f,True,True,True,False,False,1,1,True
valid_credentials,1,student_003,7e5d59ce484b82774c5f34bd539f8634a7b743818a4f807437d973f9cee02d49,True,True,True,False,False,1,1,True
valid_credentials,2,student_003,7e5d59ce484b82774c5f34bd539f8634a7b743818a4f807437d973f9cee02d49,True,True,True,False,False,1,1,True
valid_credentials,3,student_003,7e5d59ce484b82774c5f34bd539f8634a7b743818a4f807437d973f9cee02d49,True,True,True,False,False,1,1,True
valid_credentials,4,student_003,7e5d59ce484b82774c5f34bd539f8634a7b743818a4f807437d973f9cee02d49,True,True,True,False,False,1,1,True
valid_credentials,1,student_004,7470fe935a83b3bf8ccdc36da4c844451c0751aaf8b6687b0e04ce9d5695ccb3,True,True,True,False,False,1,1,True
valid_credentials,2,student_004,7470fe935a83b3bf8ccdc36da4c844451c0751aaf8b6687b0e04ce9d5695ccb3,True,True,True,False,False,1,1,True
valid_credentials,3,student_004,7470fe935a83b3bf8ccdc36da4c844451c0751aaf8b6687b0e04ce9d5695ccb3,True,True,True,False,False,1,1,True
valid_credentials,4,student_004,7470fe935a83b3bf8ccdc36da4c844451c0751aaf8b6687b0e04ce9d5695ccb3,True,True,True,False,False,1,1,True
valid_credentials,1,student_005,10fec242c30c7fab1b69578fb70563c7c59d55a8fa4a816502f883401be0a7bf,True,True,True,False,False,1,1,True
valid_credentials,2,student_005,10fec242c30c7fab1b69578fb70563c7c59d55a8fa4a816502f883401be0a7bf,True,True,True,False,False,1,1,True
valid_credentials,3,student_005,10fec242c30c7fab1b69578fb70563c7c59d55a8fa4a816502f883401be0a7bf,True,True,True,False,False,1,1,True
valid_credentials,4,student_005,10fec242c30c7fab1b69578fb70563c7c59d55a8fa4a816502f883401be0a7bf,True,True,True,False,False,1,1,True
valid_credentials,1,student_006,2689591ba12166debd91e73b757f00b75c0a20908baf0c01f8c8e568beab0afc,True,True,True,False,False,1,1,True
valid_credentials,2,student_006,2689591ba12166debd91e73b757f00b75c0a20908baf0c01f8c8e568beab0afc,True,True,True,False,False,1,1,True
valid_credentials,3,student_006,2689591ba12166debd91e73b757f00b75c0a20908baf0c01f8c8e568beab0afc,True,True,True,False,False,1,1,True
valid_credentials,4,student_006,2689591ba12166debd91e73b757f00b75c0a20908baf0c01f8c8e568beab0afc,True,True,True,False,False,1,1,True
valid_credentials,1,student_007,4a3cb4b5beb6a60ca6af1fb4c4cf536a73181876f8d345ecb4633a5bf2e8e5fe,True,True,True,False,False,1,1,True
valid_credentials,2,student_007,4a3cb4b5beb6a60ca6af1fb4c4cf536a73181876f8d345ecb4633a5bf2e8e5fe,True,True,True,False,False,1,1,True
valid_credentials,3,student_007,4a3cb4b5beb6a60ca6af1fb4c4cf536a73181876f8d345ecb4633a5bf2e8e5fe,True,True,True,False,False,1,1,True
valid_credentials,4,student_007,4a3cb4b5beb6a60ca6af1fb4c4cf536a73181876f8d345ecb4633a5bf2e8e5fe,True,True,True,False,False,1,1,True
valid_credentials,1,student_008,f39175f128d5cf7e7cdd7f93a3cdea206822178140f535a6d4e271288866fded,True,True,True,False,False,1,1,True
valid_credentials,2,student_008,f39175f128d5cf7e7cdd7f93a3cdea206822178140f535a6d4e271288866fded,True,True,True,False,False,1,1,True
valid_credentials,3,student_008,f39175f128d5cf7e7cdd7f93a3cdea206822178140f535a6d4e271288866fded,True,True,True,False,False,1,1,True
valid_credentials,4,student_008,f39175f128d5cf7e7cdd7f93a3cdea206822178140f535a6d4e271288866fded,True,True,True,False,False,1,1,True
valid_credentials,1,student_009,788a225bcb64af139d62529faf1d1f42edc6bb51910113d0b819576737d38e5b,True,True,True,False,False,1,1,True
valid_credentials,2,student_009,788a225bcb64af139d62529faf1d1f42edc6bb51910113d0b819576737d38e5b,True,True,True,False,False,1,1,True
valid_credentials,3,student_009,788a225bcb64af139d62529faf1d1f42edc6bb51910113d0b819576737d38e5b,True,True,True,False,False,1,1,True
valid_credentials,4,student_009,788a225bcb64af139d62529faf1d1f42edc6bb51910113d0b819576737d38e5b,True,True,True,False,False,1,1,True
valid_credentials,1,student_010,699b2a457a39666b4027f62991ea1f5c9673c0b94d4765dccd30b17ccde367f7,True,True,True,False,False,1,1,True
valid_credentials,2,student_010,699b2a457a39666b4027f62991ea1f5c9673c0b94d4765dccd30b17ccde367f7,True,True,True,False,False,1,1,True
valid_credentials,3,student_010,699b2a457a39666b4027f62991ea1f5c9673c0b94d4765dccd30b17ccde367f7,True,True,True,False,False,1,1,True
valid_credentials,4,student_010,699b2a457a39666b4027f62991ea1f5c9673c0b94d4765dccd30b17ccde367f7,True,True,True,False,False,1,1,True
valid_credentials,1,student_011,fd74caa9fd65b9b36951c8ca5204094b0a427cecee86d24f8062243392f24015,True,True,True,False,False,1,1,True
valid_credentials,2,student_011,fd74caa9fd65b9b36951c8ca5204094b0a427cecee86d24f8062243392f24015,True,True,True,False,False,1,1,True
valid_credentials,3,student_011,fd74caa9fd65b9b36951c8ca5204094b0a427cecee86d24f8062243392f24015,True,True,True,False,False,1,1,True
valid_credentials,4,student_011,fd74caa9fd65b9b36951c8ca5204094b0a427cecee86d24f8062243392f24015,True,True,True,False,False,1,1,True
valid_credentials,1,student_012,979267c9563dbd1a2b5206d85083d4704ea550b33f9ca414332a90045c503560,True,True,True,False,False,1,1,True
valid_credentials,2,student_012,979267c9563dbd1a2b5206d85083d4704ea550b33f9ca414332a90045c503560,True,True,True,False,False,1,1,True
valid_credentials,3,student_012,979267c9563dbd1a2b5206d85083d4704ea550b33f9ca414332a90045c503560,True,True,True,False,False,1,1,True
valid_credentials,4,student_012,979267c9563dbd1a2b5206d85083d4704ea550b33f9ca414332a90045c503560,True,True,True,False,False,1,1,True
valid_credentials,1,student_013,8a61bcdb9c7d24cbf9346942e0d3c03d2c035e81d7c2812cbe0710585f5714dd,True,True,True,False,False,1,1,True
valid_credentials,2,student_013,8a61bcdb9c7d24cbf9346942e0d3c03d2c035e81d7c2812cbe0710585f5714dd,True,True,True,False,False,1,1,True
valid_credentials,3,student_013,8a61bcdb9c7d24cbf9346942e0d3c03d2c035e81d7c2812cbe0710585f5714dd,True,True,True,False,False,1,1,True
valid_credentials,4,student_013,8a61bcdb9c7d24cbf9346942e0d3c03d2c035e81d7c2812cbe0710585f5714dd,True,True,True,False,False,1,1,True
valid_credentials,1,student_014,dff31a237c19d860e3203adb51c7b868147d77a1aeb39cfb77a713377a11ad79,True,True,True,False,False,1,1,True
valid_credentials,2,student_014,dff31a237c19d860e3203adb51c7b868147d77a1aeb39cfb77a713377a11ad79,True,True,True,False,False,1,1,True
valid_credentials,3,student_014,dff31a237c19d860e3203adb51c7b868147d77a1aeb39cfb77a713377a11ad79,True,True,True,False,False,1,1,True
valid_credentials,4,student_014,dff31a237c19d860e3203adb51c7b868147d77a1aeb39cfb77a713377a11ad79,True,True,True,False,False,1,1,True
valid_credentials,1,student_015,2f69a2db7fc1cac7e3e3a4213fe0c69537c2e156ab4cb8ce0cf6fd50e46d8c80,True,True,True,False,False,1,1,True
valid_credentials,2,student_015,2f69a2db7fc1cac7e3e3a4213fe0c69537c2e156ab4cb8ce0cf6fd50e46d8c80,True,True,True,False,False,1,1,True
valid_credentials,3,student_015,2f69a2db7fc1cac7e3e3a4213fe0c69537c2e156ab4cb8ce0cf6fd50e46d8c80,True,True,True,False,False,1,1,True
valid_credentials,4,student_015,2f69a2db7fc1cac7e3e3a4213fe0c69537c2e156ab4cb8ce0cf6fd50e46d8c80,True,True,True,False,False,1,1,True
valid_credentials,1,student_016,0b2be5615756f1fea9f29b30dc334fbc135e89ab84ae6edfda0775a2a5a4c2e2,True,True,True,False,False,1,1,True
valid_credentials,2,student_016,0b2be5615756f1fea9f29b30dc334fbc135e89ab84ae6edfda0775a2a5a4c2e2,True,True,True,False,False,1,1,True
valid_credentials,3,student_016,0b2be5615756f1fea9f29b30dc334fbc135e89ab84ae6edfda0775a2a5a4c2e2,True,True,True,False,False,1,1,True
valid_credentials,4,student_016,0b2be5615756f1fea9f29b30dc334fbc135e89ab84ae6edfda0775a2a5a4c2e2,True,True,True,False,False,1,1,True
valid_credentials,1,student_017,4b48d2b39c55db033461b4fc8b5776a32bb24c143e2d2fd775e777bc5c41712f,True,True,True,False,False,1,1,True
valid_credentials,2,student_017,4b48d2b39c55db033461b4fc8b5776a32bb24c143e2d2fd775e777bc5c41712f,True,True,True,False,False,1,1,True
valid_credentials,3,student_017,4b48d2b39c55db033461b4fc8b5776a32bb24c143e2d2fd775e777bc5c41712f,True,True,True,False,False,1,1,True
valid_credentials,4,student_017,4b48d2b39c55db033461b4fc8b5776a32bb24c143e2d2fd775e777bc5c41712f,True,True,True,False,False,1,1,True
valid_credentials,1,student_018,8156e697dc797165aeeff4c80573af4fb3560f0906d026b9b8ec46e313873c26,True,True,True,False,False,1,1,True
valid_credentials,2,student_018,8156e697dc797165aeeff4c80573af4fb3560f0906d026b9b8ec46e313873c26,True,True,True,False,False,1,1,True
valid_credentials,3,student_018,8156e697dc797165aeeff4c80573af4fb3560f0906d026b9b8ec46e313873c26,True,True,True,False,False,1,1,True
valid_credentials,4,student_018,8156e697dc797165aeeff4c80573af4fb3560f0906d026b9b8ec46e313873c26,True,True,True,False,False,1,1,True
valid_credentials,1,student_019,28fca326ff7b91ea4761f635943dbc359e63c68c9a062de8aca97fc254767b57,True,True,True,False,False,1,1,True
valid_credentials,2,student_019,28fca326ff7b91ea4761f635943dbc359e63c68c9a062de8aca97fc254767b57,True,True,True,False,False,1,1,True
valid_credentials,3,student_019,28fca326ff7b91ea4761f635943dbc359e63c68c9a062de8aca97fc254767b57,True,True,True,False,False,1,1,True
valid_credentials,4,student_019,28fca326ff7b91ea4761f635943dbc359e63c68c9a062de8aca97fc254767b57,True,True,True,False,False,1,1,True
valid_credentials,1,student_020,9bd91e8416d268d4e1b18314c7fe1eef12b6df34ccf5930db6b2a22c628bdbd4,True,True,True,False,False,1,1,True
valid_credentials,2,student_020,9bd91e8416d268d4e1b18314c7fe1eef12b6df34ccf5930db6b2a22c628bdbd4,True,True,True,False,False,1,1,True
valid_credentials,3,student_020,9bd91e8416d268d4e1b18314c7fe1eef12b6df34ccf5930db6b2a22c628bdbd4,True,True,True,False,False,1,1,True
valid_credentials,4,student_020,9bd91e8416d268d4e1b18314c7fe1eef12b6df34ccf5930db6b2a22c628bdbd4,True,True,True,False,False,1,1,True
valid_credentials,1,student_021,12ede1bd03a07e09a4bba3a94e4b76d0c70ae68763185a338f3b6fec89693174,True,True,True,False,False,1,1,True
valid_credentials,2,student_021,12ede1bd03a07e09a4bba3a94e4b76d0c70ae68763185a338f3b6fec89693174,True,True,True,False,False,1,1,True
valid_credentials,3,student_021,12ede1bd03a07e09a4bba3a94e4b76d0c70ae68763185a338f3b6fec89693174,True,True,True,False,False,1,1,True
valid_credentials,4,student_021,12ede1bd03a07e09a4bba3a94e4b76d0c70ae68763185a338f3b6fec89693174,True,True,True,False,False,1,1,True
valid_credentials,1,student_022,da4a4cd08554f52bb1b252e7dad58e8451c7518246e05305e669f9912519819b,True,True,True,False,False,1,1,True
valid_credentials,2,student_022,da4a4cd08554f52bb1b252e7dad58e8451c7518246e05305e669f9912519819b,True,True,True,False,False,1,1,True
valid_credentials,3,student_022,da4a4cd08554f52bb1b252e7dad58e8451c7518246e05305e669f9912519819b,True,True,True,False,False,1,1,True
valid_credentials,4,student_022,da4a4cd08554f52bb1b252e7dad58e8451c7518246e05305e669f9912519819b,True,True,True,False,False,1,1,True
valid_credentials,1,student_023,0e3a9f4247f1cdef1597f119698ac8547529d986581fcb42e4221f893f4079e2,True,True,True,False,False,1,1,True
valid_credentials,2,student_023,0e3a9f4247f1cdef1597f119698ac8547529d986581fcb42e4221f893f4079e2,True,True,True,False,False,1,1,True
valid_credentials,3,student_023,0e3a9f4247f1cdef1597f119698ac8547529d986581fcb42e4221f893f4079e2,True,True,True,False,False,1,1,True
valid_credentials,4,student_023,0e3a9f4247f1cdef1597f119698ac8547529d986581fcb42e4221f893f4079e2,True,True,True,False,False,1,1,True
valid_credentials,1,student_024,090b0032a5d6795224ce8cf27057a8b456deae9bb87ee971fc76de6fb79a3d28,True,True,True,False,False,1,1,True
valid_credentials,2,student_024,090b0032a5d6795224ce8cf27057a8b456deae9bb87ee971fc76de6fb79a3d28,True,True,True,False,False,1,1,True
valid_credentials,3,student_024,090b0032a5d6795224ce8cf27057a8b456deae9bb87ee971fc76de6fb79a3d28,True,True,True,False,False,1,1,True
valid_credentials,4,student_024,090b0032a5d6795224ce8cf27057a8b456deae9bb87ee971fc76de6fb79a3d28,True,True,True,False,False,1,1,True
wrong_password,1,student_000,6efd397268a83103f2063bd4457e81c79c5a776488d8b95ea55c06779146ebbc,False,False,False,False,False,0,0,True
wrong_password,2,student_000,6efd397268a83103f2063bd4457e81c79c5a776488d8b95ea55c06779146ebbc,False,False,False,False,False,0,0,True
wrong_password,3,student_000,6efd397268a83103f2063bd4457e81c79c5a776488d8b95ea55c06779146ebbc,False,False,False,False,False,0,0,True
wrong_password,4,student_000,6efd397268a83103f2063bd4457e81c79c5a776488d8b95ea55c06779146ebbc,False,False,False,False,False,0,0,True
wrong_password,1,student_001,9260582e30f1162e9f9bf8981acb03716afe2ed2f911a9c3a1a249ff236426cd,False,False,False,False,False,0,0,True
wrong_password,2,student_001,9260582e30f1162e9f9bf8981acb03716afe2ed2f911a9c3a1a249ff236426cd,False,False,False,False,False,0,0,True
wrong_password,3,student_001,9260582e30f1162e9f9bf8981acb03716afe2ed2f911a9c3a1a249ff236426cd,False,False,False,False,False,0,0,True
wrong_password,4,student_001,9260582e30f1162e9f9bf8981acb03716afe2ed2f911a9c3a1a249ff236426cd,False,False,False,False,False,0,0,True
wrong_password,1,student_002,b9ce2364de3920db96e19a33083a5c875ada91a21025257f592e98c317abf2d5,False,False,False,False,False,0,0,True
wrong_password,2,student_002,b9ce2364de3920db96e19a33083a5c875ada91a21025257f592e98c317abf2d5,False,False,False,False,False,0,0,True
wrong_password,3,student_002,b9ce2364de3920db96e19a33083a5c875ada91a21025257f592e98c317abf2d5,False,False,False,False,False,0,0,True
wrong_password,4,student_002,b9ce2364de3920db96e19a33083a5c875ada91a21025257f592e98c317abf2d5,False,False,False,False,False,0,0,True
wrong_password,1,student_003,7cc3cc7eaf234dc874ac502da5b3b5f914f1cc92f1849ea46d1df91d59ca15ca,False,False,False,False,False,0,0,True
wrong_password,2,student_003,7cc3cc7eaf234dc874ac502da5b3b5f914f1cc92f1849ea46d1df91d59ca15ca,False,False,False,False,False,0,0,True
wrong_password,3,student_003,7cc3cc7eaf234dc874ac502da5b3b5f914f1cc92f1849ea46d1df91d59ca15ca,False,False,False,False,False,0,0,True
wrong_password,4,student_003,7cc3cc7eaf234dc874ac502da5b3b5f914f1cc92f1849ea46d1df91d59ca15ca,False,False,False,False,False,0,0,True
wrong_password,1,student_004,34c767ffc93caed6ab2c07bf7a38b5d901b3728ff4a9ad9f5dd9f42f324e2d69,False,False,False,False,False,0,0,True
wrong_password,2,student_004,34c767ffc93caed6ab2c07bf7a38b5d901b3728ff4a9ad9f5dd9f42f324e2d69,False,False,False,False,False,0,0,True
wrong_password,3,student_004,34c767ffc93caed6ab2c07bf7a38b5d901b3728ff4a9ad9f5dd9f42f324e2d69,False,False,False,False,False,0,0,True
wrong_password,4,student_004,34c767ffc93caed6ab2c07bf7a38b5d901b3728ff4a9ad9f5dd9f42f324e2d69,False,False,False,False,False,0,0,True
wrong_password,1,student_005,a9a02b9cd6bcbd9efcaf8717cc1629ce0abee98b82e0a958ad699e958a8b9e9e,False,False,False,False,False,0,0,True
wrong_password,2,student_005,a9a02b9cd6bcbd9efcaf8717cc1629ce0abee98b82e0a958ad699e958a8b9e9e,False,False,False,False,False,0,0,True
wrong_password,3,student_005,a9a02b9cd6bcbd9efcaf8717cc1629ce0abee98b82e0a958ad699e958a8b9e9e,False,False,False,False,False,0,0,True
wrong_password,4,student_005,a9a02b9cd6bcbd9efcaf8717cc1629ce0abee98b82e0a958ad699e958a8b9e9e,False,False,False,False,False,0,0,True
wrong_password,1,student_006,e33e99039ccccdf044e507e7011478f134305fee65976e45732c9d524b3d27d3,False,False,False,False,False,0,0,True
wrong_password,2,student_006,e33e99039ccccdf044e507e7011478f134305fee65976e45732c9d524b3d27d3,False,False,False,False,False,0,0,True
wrong_password,3,student_006,e33e99039ccccdf044e507e7011478f134305fee65976e45732c9d524b3d27d3,False,False,False,False,False,0,0,True
wrong_password,4,student_006,e33e99039ccccdf044e507e7011478f134305fee65976e45732c9d524b3d27d3,False,False,False,False,False,0,0,True
wrong_password,1,student_007,4ea98c0fab93ede4e3e179745e18faa3cb3bba83f7c760b0ff357844aea13ce9,False,False,False,False,False,0,0,True
wrong_password,2,student_007,4ea98c0fab93ede4e3e179745e18faa3cb3bba83f7c760b0ff357844aea13ce9,False,False,False,False,False,0,0,True
wrong_password,3,student_007,4ea98c0fab93ede4e3e179745e18faa3cb3bba83f7c760b0ff357844aea13ce9,False,False,False,False,False,0,0,True
wrong_password,4,student_007,4ea98c0fab93ede4e3e179745e18faa3cb3bba83f7c760b0ff357844aea13ce9,False,False,False,False,False,0,0,True
wrong_password,1,student_008,feb58803a88fdec32519cef78dc223d781fc5a6fc66e5d5984b10461de7b20bf,False,False,False,False,False,0,0,True
wrong_password,2,student_008,feb58803a88fdec32519cef78dc223d781fc5a6fc66e5d5984b10461de7b20bf,False,False,False,False,False,0,0,True
wrong_password,3,student_008,feb58803a88fdec32519cef78dc223d781fc5a6fc66e5d5984b10461de7b20bf,False,False,False,False,False,0,0,True
wrong_password,4,student_008,feb58803a88fdec32519cef78dc223d781fc5a6fc66e5d5984b10461de7b20bf,False,False,False,False,False,0,0,True
wrong_password,1,student_009,e3ee5a85f723530484d4b05a710a5f01b21dda21ad896b0f2d27f388693a66a9,False,False,False,False,False,0,0,True
wrong_password,2,student_009,e3ee5a85f723530484d4b05a710a5f01b21dda21ad896b0f2d27f388693a66a9,False,False,False,False,False,0,0,True
wrong_password,3,student_009,e3ee5a85f723530484d4b05a710a5f01b21dda21ad896b0f2d27f388693a66a9,False,False,False,False,False,0,0,True
wrong_password,4,student_009,e3ee5a85f723530484d4b05a710a5f01b21dda21ad896b0f2d27f388693a66a9,False,False,False,False,False,0,0,True
wrong_password,1,student_010,8fc00a1d49097cea4bed38b1f7d00416d9c4c6d29e3124b6607e37ff4b1726dd,False,False,False,False,False,0,0,True
wrong_password,2,student_010,8fc00a1d49097cea4bed38b1f7d00416d9c4c6d29e3124b6607e37ff4b1726dd,False,False,False,False,False,0,0,True
wrong_password,3,student_010,8fc00a1d49097cea4bed38b1f7d00416d9c4c6d29e3124b6607e37ff4b1726dd,False,False,False,False,False,0,0,True
wrong_password,4,student_010,8fc00a1d49097cea4bed38b1f7d00416d9c4c6d29e3124b6607e37ff4b1726dd,False,False,False,False,False,0,0,True
wrong_password,1,student_011,cd12404b1e6d8f9b22cfeabe1fc162372469d04eba2c056d559287da276039e3,False,False,False,False,False,0,0,True
wrong_password,2,student_011,cd12404b1e6d8f9b22cfeabe1fc162372469d04eba2c056d559287da276039e3,False,False,False,False,False,0,0,True
wrong_password,3,student_011,cd12404b1e6d8f9b22cfeabe1fc162372469d04eba2c056d559287da276039e3,False,False,False,False,False,0,0,True
wrong_password,4,student_011,cd12404b1e6d8f9b22cfeabe1fc162372469d04eba2c056d559287da276039e3,False,False,False,False,False,0,0,True
wrong_password,1,student_012,b51318db9ff7b4b95e0125f24569e9c3910e534d7514be47597e5a432897fc66,False,False,False,False,False,0,0,True
wrong_password,2,student_012,b51318db9ff7b4b95e0125f24569e9c3910e534d7514be47597e5a432897fc66,False,False,False,False,False,0,0,True
wrong_password,3,student_012,b51318db9ff7b4b95e0125f24569e9c3910e534d7514be47597e5a432897fc66,False,False,False,False,False,0,0,True
wrong_password,4,student_012,b51318db9ff7b4b95e0125f24569e9c3910e534d7514be47597e5a432897fc66,False,False,False,False,False,0,0,True
wrong_password,1,student_013,d867ef3828a7acb8bfe72bb32050689a6bc6b262d88de93cbe240c683b7abae0,False,False,False,False,False,0,0,True
wrong_password,2,student_013,d867ef3828a7acb8bfe72bb32050689a6bc6b262d88de93cbe240c683b7abae0,False,False,False,False,False,0,0,True
wrong_password,3,student_013,d867ef3828a7acb8bfe72bb32050689a6bc6b262d88de93cbe240c683b7abae0,False,False,False,False,False,0,0,True
wrong_password,4,student_013,d867ef3828a7acb8bfe72bb32050689a6bc6b262d88de93cbe240c683b7abae0,False,False,False,False,False,0,0,True
wrong_password,1,student_014,be9b2363c868c213d89ac571d1604f58685f921c247e6a9dfd31dfc1182db2da,False,False,False,False,False,0,0,True
wrong_password,2,student_014,be9b2363c868c213d89ac571d1604f58685f921c247e6a9dfd31dfc1182db2da,False,False,False,False,False,0,0,True
wrong_password,3,student_014,be9b2363c868c213d89ac571d1604f58685f921c247e6a9dfd31dfc1182db2da,False,False,False,False,False,0,0,True
wrong_password,4,student_014,be9b2363c868c213d89ac571d1604f58685f921c247e6a9dfd31dfc1182db2da,False,False,False,False,False,0,0,True
wrong_password,1,student_015,e177f0b573a600b959e6dbcd7cbb095a64f89a5cd9c0f0fef7d680dd6ffc5f39,False,False,False,False,False,0,0,True
wrong_password,2,student_015,e177f0b573a600b959e6dbcd7cbb095a64f89a5cd9c0f0fef7d680dd6ffc5f39,False,False,False,False,False,0,0,True
wrong_password,3,student_015,e177f0b573a600b959e6dbcd7cbb095a64f89a5cd9c0f0fef7d680dd6ffc5f39,False,False,False,False,False,0,0,True
wrong_password,4,student_015,e177f0b573a600b959e6dbcd7cbb095a64f89a5cd9c0f0fef7d680dd6ffc5f39,False,False,False,False,False,0,0,True
wrong_password,1,student_016,7c20a01b4607728cd67952477aa46a5a8ac6b8986c069c6f93698370b9fc5aba,False,False,False,False,False,0,0,True
wrong_password,2,student_016,7c20a01b4607728cd67952477aa46a5a8ac6b8986c069c6f93698370b9fc5aba,False,False,False,False,False,0,0,True
wrong_password,3,student_016,7c20a01b4607728cd67952477aa46a5a8ac6b8986c069c6f93698370b9fc5aba,False,False,False,False,False,0,0,True
wrong_password,4,student_016,7c20a01b4607728cd67952477aa46a5a8ac6b8986c069c6f93698370b9fc5aba,False,False,False,False,False,0,0,True
wrong_password,1,student_017,9d03d8dceee165c3c175d744c75cdff3329ed4384141bd8c62f0afd6b48541d0,False,False,False,False,False,0,0,True
wrong_password,2,student_017,9d03d8dceee165c3c175d744c75cdff3329ed4384141bd8c62f0afd6b48541d0,False,False,False,False,False,0,0,True
wrong_password,3,student_017,9d03d8dceee165c3c175d744c75cdff3329ed4384141bd8c62f0afd6b48541d0,False,False,False,False,False,0,0,True
wrong_password,4,student_017,9d03d8dceee165c3c175d744c75cdff3329ed4384141bd8c62f0afd6b48541d0,False,False,False,False,False,0,0,True
wrong_password,1,student_018,ccf276aefa6ff6ebfb8ddee2c2c7c838dfa5b852c17a945e6408ecedae08a7d1,False,False,False,False,False,0,0,True
wrong_password,2,student_018,ccf276aefa6ff6ebfb8ddee2c2c7c838dfa5b852c17a945e6408ecedae08a7d1,False,False,False,False,False,0,0,True
wrong_password,3,student_018,ccf276aefa6ff6ebfb8ddee2c2c7c838dfa5b852c17a945e6408ecedae08a7d1,False,False,False,False,False,0,0,True
wrong_password,4,student_018,ccf276aefa6ff6ebfb8ddee2c2c7c838dfa5b852c17a945e6408ecedae08a7d1,False,False,False,False,False,0,0,True
wrong_password,1,student_019,9ba4d88c632db9767f8d6881c44ff147093f03a11efd343f9fab87f01a683573,False,False,False,False,False,0,0,True
wrong_password,2,student_019,9ba4d88c632db9767f8d6881c44ff147093f03a11efd343f9fab87f01a683573,False,False,False,False,False,0,0,True
wrong_password,3,student_019,9ba4d88c632db9767f8d6881c44ff147093f03a11efd343f9fab87f01a683573,False,False,False,False,False,0,0,True
wrong_password,4,student_019,9ba4d88c632db9767f8d6881c44ff147093f03a11efd343f9fab87f01a683573,False,False,False,False,False,0,0,True
wrong_password,1,student_020,2796cf4af27c2a8cbea04edd67defb35e5b4ce5d35ea678cc6d1df398221ee51,False,False,False,False,False,0,0,True
wrong_password,2,student_020,2796cf4af27c2a8cbea04edd67defb35e5b4ce5d35ea678cc6d1df398221ee51,False,False,False,False,False,0,0,True
wrong_password,3,student_020,2796cf4af27c2a8cbea04edd67defb35e5b4ce5d35ea678cc6d1df398221ee51,False,False,False,False,False,0,0,True
wrong_password,4,student_020,2796cf4af27c2a8cbea04edd67defb35e5b4ce5d35ea678cc6d1df398221ee51,False,False,False,False,False,0,0,True
wrong_password,1,student_021,ec382be5148a37a943cf9c6115b00add9e0b69ae41c29827005cc98390d04b85,False,False,False,False,False,0,0,True
wrong_password,2,student_021,ec382be5148a37a943cf9c6115b00add9e0b69ae41c29827005cc98390d04b85,False,False,False,False,False,0,0,True
wrong_password,3,student_021,ec382be5148a37a943cf9c6115b00add9e0b69ae41c29827005cc98390d04b85,False,False,False,False,False,0,0,True
wrong_password,4,student_021,ec382be5148a37a943cf9c6115b00add9e0b69ae41c29827005cc98390d04b85,False,False,False,False,False,0,0,True
wrong_password,1,student_022,fc3c8963927f27282342ce3e0273826a1dcf2d1f2e3e2b61543848f01b01b22e,False,False,False,False,False,0,0,True
wrong_password,2,student_022,fc3c8963927f27282342ce3e0273826a1dcf2d1f2e3e2b61543848f01b01b22e,False,False,False,False,False,0,0,True
wrong_password,3,student_022,fc3c8963927f27282342ce3e0273826a1dcf2d1f2e3e2b61543848f01b01b22e,False,False,False,False,False,0,0,True
wrong_password,4,student_022,fc3c8963927f27282342ce3e0273826a1dcf2d1f2e3e2b61543848f01b01b22e,False,False,False,False,False,0,0,True
wrong_password,1,student_023,9be0213b84905df5bc3381808bd4a9ac5694becf2876bd93d88ae6c4c2cf9768,False,False,False,False,False,0,0,True
wrong_password,2,student_023,9be0213b84905df5bc3381808bd4a9ac5694becf2876bd93d88ae6c4c2cf9768,False,False,False,False,False,0,0,True
wrong_password,3,student_023,9be0213b84905df5bc3381808bd4a9ac5694becf2876bd93d88ae6c4c2cf9768,False,False,False,False,False,0,0,True
wrong_password,4,student_023,9be0213b84905df5bc3381808bd4a9ac5694becf2876bd93d88ae6c4c2cf9768,False,False,False,False,False,0,0,True
wrong_password,1,student_024,78dc670f7f4ae16cc53a2b8bd965f94c09908f739ece5ae298d1ca1317c318f1,False,False,False,False,False,0,0,True
wrong_password,2,student_024,78dc670f7f4ae16cc53a2b8bd965f94c09908f739ece5ae298d1ca1317c318f1,False,False,False,False,False,0,0,True
wrong_password,3,student_024,78dc670f7f4ae16cc53a2b8bd965f94c09908f739ece5ae298d1ca1317c318f1,False,False,False,False,False,0,0,True
wrong_password,4,student_024,78dc670f7f4ae16cc53a2b8bd965f94c09908f739ece5ae298d1ca1317c318f1,False,False,False,False,False,0,0,True
username_tautology,1,student_000,3ec60051b010cae82b728f79bd15079702d8cce4e923e73dff420b8dcd39d0be,False,True,False,True,False,1,0,True
username_tautology,2,student_000,3ec60051b010cae82b728f79bd15079702d8cce4e923e73dff420b8dcd39d0be,False,True,False,True,False,1,0,True
username_tautology,3,student_000,3ec60051b010cae82b728f79bd15079702d8cce4e923e73dff420b8dcd39d0be,False,True,False,True,False,1,0,True
username_tautology,4,student_000,3ec60051b010cae82b728f79bd15079702d8cce4e923e73dff420b8dcd39d0be,False,True,False,True,False,1,0,True
username_tautology,1,student_001,3ec60051b010cae82b728f79bd15079702d8cce4e923e73dff420b8dcd39d0be,False,True,False,True,False,1,0,True
username_tautology,2,student_001,3ec60051b010cae82b728f79bd15079702d8cce4e923e73dff420b8dcd39d0be,False,True,False,True,False,1,0,True
username_tautology,3,student_001,3ec60051b010cae82b728f79bd15079702d8cce4e923e73dff420b8dcd39d0be,False,True,False,True,False,1,0,True
username_tautology,4,student_001,3ec60051b010cae82b728f79bd15079702d8cce4e923e73dff420b8dcd39d0be,False,True,False,True,False,1,0,True
username_tautology,1,student_002,3ec60051b010cae82b728f79bd15079702d8cce4e923e73dff420b8dcd39d0be,False,True,False,True,False,1,0,True
username_tautology,2,student_002,3ec60051b010cae82b728f79bd15079702d8cce4e923e73dff420b8dcd39d0be,False,True,False,True,False,1,0,True
username_tautology,3,student_002,3ec60051b010cae82b728f79bd15079702d8cce4e923e73dff420b8dcd39d0be,False,True,False,True,False,1,0,True
username_tautology,4,student_002,3ec60051b010cae82b728f79bd15079702d8cce4e923e73dff420b8dcd39d0be,False,True,False,True,False,1,0,True
username_tautology,1,student_003,3ec60051b010cae82b728f79bd15079702d8cce4e923e73dff420b8dcd39d0be,False,True,False,True,False,1,0,True
username_tautology,2,student_003,3ec60051b010cae82b728f79bd15079702d8cce4e923e73dff420b8dcd39d0be,False,True,False,True,False,1,0,True
username_tautology,3,student_003,3ec60051b010cae82b728f79bd15079702d8cce4e923e73dff420b8dcd39d0be,False,True,False,True,False,1,0,True
username_tautology,4,student_003,3ec60051b010cae82b728f79bd15079702d8cce4e923e73dff420b8dcd39d0be,False,True,False,True,False,1,0,True
username_tautology,1,student_004,3ec60051b010cae82b728f79bd15079702d8cce4e923e73dff420b8dcd39d0be,False,True,False,True,False,1,0,True
username_tautology,2,student_004,3ec60051b010cae82b728f79bd15079702d8cce4e923e73dff420b8dcd39d0be,False,True,False,True,False,1,0,True
username_tautology,3,student_004,3ec60051b010cae82b728f79bd15079702d8cce4e923e73dff420b8dcd39d0be,False,True,False,True,False,1,0,True
username_tautology,4,student_004,3ec60051b010cae82b728f79bd15079702d8cce4e923e73dff420b8dcd39d0be,False,True,False,True,False,1,0,True
username_tautology,1,student_005,3ec60051b010cae82b728f79bd15079702d8cce4e923e73dff420b8dcd39d0be,False,True,False,True,False,1,0,True
username_tautology,2,student_005,3ec60051b010cae82b728f79bd15079702d8cce4e923e73dff420b8dcd39d0be,False,True,False,True,False,1,0,True
username_tautology,3,student_005,3ec60051b010cae82b728f79bd15079702d8cce4e923e73dff420b8dcd39d0be,False,True,False,True,False,1,0,True
username_tautology,4,student_005,3ec60051b010cae82b728f79bd15079702d8cce4e923e73dff420b8dcd39d0be,False,True,False,True,False,1,0,True
username_tautology,1,student_006,3ec60051b010cae82b728f79bd15079702d8cce4e923e73dff420b8dcd39d0be,False,True,False,True,False,1,0,True
username_tautology,2,student_006,3ec60051b010cae82b728f79bd15079702d8cce4e923e73dff420b8dcd39d0be,False,True,False,True,False,1,0,True
username_tautology,3,student_006,3ec60051b010cae82b728f79bd15079702d8cce4e923e73dff420b8dcd39d0be,False,True,False,True,False,1,0,True
username_tautology,4,student_006,3ec60051b010cae82b728f79bd15079702d8cce4e923e73dff420b8dcd39d0be,False,True,False,True,False,1,0,True
username_tautology,1,student_007,3ec60051b010cae82b728f79bd15079702d8cce4e923e73dff420b8dcd39d0be,False,True,False,True,False,1,0,True
username_tautology,2,student_007,3ec60051b010cae82b728f79bd15079702d8cce4e923e73dff420b8dcd39d0be,False,True,False,True,False,1,0,True
username_tautology,3,student_007,3ec60051b010cae82b728f79bd15079702d8cce4e923e73dff420b8dcd39d0be,False,True,False,True,False,1,0,True
username_tautology,4,student_007,3ec60051b010cae82b728f79bd15079702d8cce4e923e73dff420b8dcd39d0be,False,True,False,True,False,1,0,True
username_tautology,1,student_008,3ec60051b010cae82b728f79bd15079702d8cce4e923e73dff420b8dcd39d0be,False,True,False,True,False,1,0,True
username_tautology,2,student_008,3ec60051b010cae82b728f79bd15079702d8cce4e923e73dff420b8dcd39d0be,False,True,False,True,False,1,0,True
username_tautology,3,student_008,3ec60051b010cae82b728f79bd15079702d8cce4e923e73dff420b8dcd39d0be,False,True,False,True,False,1,0,True
username_tautology,4,student_008,3ec60051b010cae82b728f79bd15079702d8cce4e923e73dff420b8dcd39d0be,False,True,False,True,False,1,0,True
username_tautology,1,student_009,3ec60051b010cae82b728f79bd15079702d8cce4e923e73dff420b8dcd39d0be,False,True,False,True,False,1,0,True
username_tautology,2,student_009,3ec60051b010cae82b728f79bd15079702d8cce4e923e73dff420b8dcd39d0be,False,True,False,True,False,1,0,True
username_tautology,3,student_009,3ec60051b010cae82b728f79bd15079702d8cce4e923e73dff420b8dcd39d0be,False,True,False,True,False,1,0,True
username_tautology,4,student_009,3ec60051b010cae82b728f79bd15079702d8cce4e923e73dff420b8dcd39d0be,False,True,False,True,False,1,0,True
username_tautology,1,student_010,3ec60051b010cae82b728f79bd15079702d8cce4e923e73dff420b8dcd39d0be,False,True,False,True,False,1,0,True
username_tautology,2,student_010,3ec60051b010cae82b728f79bd15079702d8cce4e923e73dff420b8dcd39d0be,False,True,False,True,False,1,0,True
username_tautology,3,student_010,3ec60051b010cae82b728f79bd15079702d8cce4e923e73dff420b8dcd39d0be,False,True,False,True,False,1,0,True
username_tautology,4,student_010,3ec60051b010cae82b728f79bd15079702d8cce4e923e73dff420b8dcd39d0be,False,True,False,True,False,1,0,True
username_tautology,1,student_011,3ec60051b010cae82b728f79bd15079702d8cce4e923e73dff420b8dcd39d0be,False,True,False,True,False,1,0,True
username_tautology,2,student_011,3ec60051b010cae82b728f79bd15079702d8cce4e923e73dff420b8dcd39d0be,False,True,False,True,False,1,0,True
username_tautology,3,student_011,3ec60051b010cae82b728f79bd15079702d8cce4e923e73dff420b8dcd39d0be,False,True,False,True,False,1,0,True
username_tautology,4,student_011,3ec60051b010cae82b728f79bd15079702d8cce4e923e73dff420b8dcd39d0be,False,True,False,True,False,1,0,True
username_tautology,1,student_012,3ec60051b010cae82b728f79bd15079702d8cce4e923e73dff420b8dcd39d0be,False,True,False,True,False,1,0,True
username_tautology,2,student_012,3ec60051b010cae82b728f79bd15079702d8cce4e923e73dff420b8dcd39d0be,False,True,False,True,False,1,0,True
username_tautology,3,student_012,3ec60051b010cae82b728f79bd15079702d8cce4e923e73dff420b8dcd39d0be,False,True,False,True,False,1,0,True
username_tautology,4,student_012,3ec60051b010cae82b728f79bd15079702d8cce4e923e73dff420b8dcd39d0be,False,True,False,True,False,1,0,True
username_tautology,1,student_013,3ec60051b010cae82b728f79bd15079702d8cce4e923e73dff420b8dcd39d0be,False,True,False,True,False,1,0,True
username_tautology,2,student_013,3ec60051b010cae82b728f79bd15079702d8cce4e923e73dff420b8dcd39d0be,False,True,False,True,False,1,0,True
username_tautology,3,student_013,3ec60051b010cae82b728f79bd15079702d8cce4e923e73dff420b8dcd39d0be,False,True,False,True,False,1,0,True
username_tautology,4,student_013,3ec60051b010cae82b728f79bd15079702d8cce4e923e73dff420b8dcd39d0be,False,True,False,True,False,1,0,True
username_tautology,1,student_014,3ec60051b010cae82b728f79bd15079702d8cce4e923e73dff420b8dcd39d0be,False,True,False,True,False,1,0,True
username_tautology,2,student_014,3ec60051b010cae82b728f79bd15079702d8cce4e923e73dff420b8dcd39d0be,False,True,False,True,False,1,0,True
username_tautology,3,student_014,3ec60051b010cae82b728f79bd15079702d8cce4e923e73dff420b8dcd39d0be,False,True,False,True,False,1,0,True
username_tautology,4,student_014,3ec60051b010cae82b728f79bd15079702d8cce4e923e73dff420b8dcd39d0be,False,True,False,True,False,1,0,True
username_tautology,1,student_015,3ec60051b010cae82b728f79bd15079702d8cce4e923e73dff420b8dcd39d0be,False,True,False,True,False,1,0,True
username_tautology,2,student_015,3ec60051b010cae82b728f79bd15079702d8cce4e923e73dff420b8dcd39d0be,False,True,False,True,False,1,0,True
username_tautology,3,student_015,3ec60051b010cae82b728f79bd15079702d8cce4e923e73dff420b8dcd39d0be,False,True,False,True,False,1,0,True
username_tautology,4,student_015,3ec60051b010cae82b728f79bd15079702d8cce4e923e73dff420b8dcd39d0be,False,True,False,True,False,1,0,True
username_tautology,1,student_016,3ec60051b010cae82b728f79bd15079702d8cce4e923e73dff420b8dcd39d0be,False,True,False,True,False,1,0,True
username_tautology,2,student_016,3ec60051b010cae82b728f79bd15079702d8cce4e923e73dff420b8dcd39d0be,False,True,False,True,False,1,0,True
username_tautology,3,student_016,3ec60051b010cae82b728f79bd15079702d8cce4e923e73dff420b8dcd39d0be,False,True,False,True,False,1,0,True
username_tautology,4,student_016,3ec60051b010cae82b728f79bd15079702d8cce4e923e73dff420b8dcd39d0be,False,True,False,True,False,1,0,True
username_tautology,1,student_017,3ec60051b010cae82b728f79bd15079702d8cce4e923e73dff420b8dcd39d0be,False,True,False,True,False,1,0,True
username_tautology,2,student_017,3ec60051b010cae82b728f79bd15079702d8cce4e923e73dff420b8dcd39d0be,False,True,False,True,False,1,0,True
username_tautology,3,student_017,3ec60051b010cae82b728f79bd15079702d8cce4e923e73dff420b8dcd39d0be,False,True,False,True,False,1,0,True
username_tautology,4,student_017,3ec60051b010cae82b728f79bd15079702d8cce4e923e73dff420b8dcd39d0be,False,True,False,True,False,1,0,True
username_tautology,1,student_018,3ec60051b010cae82b728f79bd15079702d8cce4e923e73dff420b8dcd39d0be,False,True,False,True,False,1,0,True
username_tautology,2,student_018,3ec60051b010cae82b728f79bd15079702d8cce4e923e73dff420b8dcd39d0be,False,True,False,True,False,1,0,True
username_tautology,3,student_018,3ec60051b010cae82b728f79bd15079702d8cce4e923e73dff420b8dcd39d0be,False,True,False,True,False,1,0,True
username_tautology,4,student_018,3ec60051b010cae82b728f79bd15079702d8cce4e923e73dff420b8dcd39d0be,False,True,False,True,False,1,0,True
username_tautology,1,student_019,3ec60051b010cae82b728f79bd15079702d8cce4e923e73dff420b8dcd39d0be,False,True,False,True,False,1,0,True
username_tautology,2,student_019,3ec60051b010cae82b728f79bd15079702d8cce4e923e73dff420b8dcd39d0be,False,True,False,True,False,1,0,True
username_tautology,3,student_019,3ec60051b010cae82b728f79bd15079702d8cce4e923e73dff420b8dcd39d0be,False,True,False,True,False,1,0,True
username_tautology,4,student_019,3ec60051b010cae82b728f79bd15079702d8cce4e923e73dff420b8dcd39d0be,False,True,False,True,False,1,0,True
username_tautology,1,student_020,3ec60051b010cae82b728f79bd15079702d8cce4e923e73dff420b8dcd39d0be,False,True,False,True,False,1,0,True
username_tautology,2,student_020,3ec60051b010cae82b728f79bd15079702d8cce4e923e73dff420b8dcd39d0be,False,True,False,True,False,1,0,True
username_tautology,3,student_020,3ec60051b010cae82b728f79bd15079702d8cce4e923e73dff420b8dcd39d0be,False,True,False,True,False,1,0,True
username_tautology,4,student_020,3ec60051b010cae82b728f79bd15079702d8cce4e923e73dff420b8dcd39d0be,False,True,False,True,False,1,0,True
username_tautology,1,student_021,3ec60051b010cae82b728f79bd15079702d8cce4e923e73dff420b8dcd39d0be,False,True,False,True,False,1,0,True
username_tautology,2,student_021,3ec60051b010cae82b728f79bd15079702d8cce4e923e73dff420b8dcd39d0be,False,True,False,True,False,1,0,True
username_tautology,3,student_021,3ec60051b010cae82b728f79bd15079702d8cce4e923e73dff420b8dcd39d0be,False,True,False,True,False,1,0,True
username_tautology,4,student_021,3ec60051b010cae82b728f79bd15079702d8cce4e923e73dff420b8dcd39d0be,False,True,False,True,False,1,0,True
username_tautology,1,student_022,3ec60051b010cae82b728f79bd15079702d8cce4e923e73dff420b8dcd39d0be,False,True,False,True,False,1,0,True
username_tautology,2,student_022,3ec60051b010cae82b728f79bd15079702d8cce4e923e73dff420b8dcd39d0be,False,True,False,True,False,1,0,True
username_tautology,3,student_022,3ec60051b010cae82b728f79bd15079702d8cce4e923e73dff420b8dcd39d0be,False,True,False,True,False,1,0,True
username_tautology,4,student_022,3ec60051b010cae82b728f79bd15079702d8cce4e923e73dff420b8dcd39d0be,False,True,False,True,False,1,0,True
username_tautology,1,student_023,3ec60051b010cae82b728f79bd15079702d8cce4e923e73dff420b8dcd39d0be,False,True,False,True,False,1,0,True
username_tautology,2,student_023,3ec60051b010cae82b728f79bd15079702d8cce4e923e73dff420b8dcd39d0be,False,True,False,True,False,1,0,True
username_tautology,3,student_023,3ec60051b010cae82b728f79bd15079702d8cce4e923e73dff420b8dcd39d0be,False,True,False,True,False,1,0,True
username_tautology,4,student_023,3ec60051b010cae82b728f79bd15079702d8cce4e923e73dff420b8dcd39d0be,False,True,False,True,False,1,0,True
username_tautology,1,student_024,3ec60051b010cae82b728f79bd15079702d8cce4e923e73dff420b8dcd39d0be,False,True,False,True,False,1,0,True
username_tautology,2,student_024,3ec60051b010cae82b728f79bd15079702d8cce4e923e73dff420b8dcd39d0be,False,True,False,True,False,1,0,True
username_tautology,3,student_024,3ec60051b010cae82b728f79bd15079702d8cce4e923e73dff420b8dcd39d0be,False,True,False,True,False,1,0,True
username_tautology,4,student_024,3ec60051b010cae82b728f79bd15079702d8cce4e923e73dff420b8dcd39d0be,False,True,False,True,False,1,0,True
password_tautology,1,student_000,6e9731ea707032a7280af5f7e3f85a313d7f261b3a1080590efebe9b383599a6,False,True,False,True,False,1,0,True
password_tautology,2,student_000,6e9731ea707032a7280af5f7e3f85a313d7f261b3a1080590efebe9b383599a6,False,True,False,True,False,1,0,True
password_tautology,3,student_000,6e9731ea707032a7280af5f7e3f85a313d7f261b3a1080590efebe9b383599a6,False,True,False,True,False,1,0,True
password_tautology,4,student_000,6e9731ea707032a7280af5f7e3f85a313d7f261b3a1080590efebe9b383599a6,False,True,False,True,False,1,0,True
password_tautology,1,student_001,b26e29981ad24e6141f56a8e3cc2692883ebfa082c4369b27080f59c3a2e7066,False,True,False,True,False,1,0,True
password_tautology,2,student_001,b26e29981ad24e6141f56a8e3cc2692883ebfa082c4369b27080f59c3a2e7066,False,True,False,True,False,1,0,True
password_tautology,3,student_001,b26e29981ad24e6141f56a8e3cc2692883ebfa082c4369b27080f59c3a2e7066,False,True,False,True,False,1,0,True
password_tautology,4,student_001,b26e29981ad24e6141f56a8e3cc2692883ebfa082c4369b27080f59c3a2e7066,False,True,False,True,False,1,0,True
password_tautology,1,student_002,2f0576ccd0221e39bf679e16ab9d49e13e2afca4d3c8e37c2f8da9c82dd97190,False,True,False,True,False,1,0,True
password_tautology,2,student_002,2f0576ccd0221e39bf679e16ab9d49e13e2afca4d3c8e37c2f8da9c82dd97190,False,True,False,True,False,1,0,True
password_tautology,3,student_002,2f0576ccd0221e39bf679e16ab9d49e13e2afca4d3c8e37c2f8da9c82dd97190,False,True,False,True,False,1,0,True
password_tautology,4,student_002,2f0576ccd0221e39bf679e16ab9d49e13e2afca4d3c8e37c2f8da9c82dd97190,False,True,False,True,False,1,0,True
password_tautology,1,student_003,50743332ee3028b0023b05b6e7acb5728d2e6af3f8cb658ffc2fe4384441c9cd,False,True,False,True,False,1,0,True
password_tautology,2,student_003,50743332ee3028b0023b05b6e7acb5728d2e6af3f8cb658ffc2fe4384441c9cd,False,True,False,True,False,1,0,True
password_tautology,3,student_003,50743332ee3028b0023b05b6e7acb5728d2e6af3f8cb658ffc2fe4384441c9cd,False,True,False,True,False,1,0,True
password_tautology,4,student_003,50743332ee3028b0023b05b6e7acb5728d2e6af3f8cb658ffc2fe4384441c9cd,False,True,False,True,False,1,0,True
password_tautology,1,student_004,399079fd07d1d7683d7e04b85d992104a369002850d2ef91863f72a549db176b,False,True,False,True,False,1,0,True
password_tautology,2,student_004,399079fd07d1d7683d7e04b85d992104a369002850d2ef91863f72a549db176b,False,True,False,True,False,1,0,True
password_tautology,3,student_004,399079fd07d1d7683d7e04b85d992104a369002850d2ef91863f72a549db176b,False,True,False,True,False,1,0,True
password_tautology,4,student_004,399079fd07d1d7683d7e04b85d992104a369002850d2ef91863f72a549db176b,False,True,False,True,False,1,0,True
password_tautology,1,student_005,c70d8f52a6029030c894dd0b4224e78e14a4f6ee25f667f5ef579b864cd03b7f,False,True,False,True,False,1,0,True
password_tautology,2,student_005,c70d8f52a6029030c894dd0b4224e78e14a4f6ee25f667f5ef579b864cd03b7f,False,True,False,True,False,1,0,True
password_tautology,3,student_005,c70d8f52a6029030c894dd0b4224e78e14a4f6ee25f667f5ef579b864cd03b7f,False,True,False,True,False,1,0,True
password_tautology,4,student_005,c70d8f52a6029030c894dd0b4224e78e14a4f6ee25f667f5ef579b864cd03b7f,False,True,False,True,False,1,0,True
password_tautology,1,student_006,36e1946b19964ea20e3cd11c4caa085713433389688f2760067d54a1eacd9059,False,True,False,True,False,1,0,True
password_tautology,2,student_006,36e1946b19964ea20e3cd11c4caa085713433389688f2760067d54a1eacd9059,False,True,False,True,False,1,0,True
password_tautology,3,student_006,36e1946b19964ea20e3cd11c4caa085713433389688f2760067d54a1eacd9059,False,True,False,True,False,1,0,True
password_tautology,4,student_006,36e1946b19964ea20e3cd11c4caa085713433389688f2760067d54a1eacd9059,False,True,False,True,False,1,0,True
password_tautology,1,student_007,27b368e75280bac058703169634dff9c5da47f75e7bb02cd922b6ec8e2973158,False,True,False,True,False,1,0,True
password_tautology,2,student_007,27b368e75280bac058703169634dff9c5da47f75e7bb02cd922b6ec8e2973158,False,True,False,True,False,1,0,True
password_tautology,3,student_007,27b368e75280bac058703169634dff9c5da47f75e7bb02cd922b6ec8e2973158,False,True,False,True,False,1,0,True
password_tautology,4,student_007,27b368e75280bac058703169634dff9c5da47f75e7bb02cd922b6ec8e2973158,False,True,False,True,False,1,0,True
password_tautology,1,student_008,bbe22c43793731758dcc38c6dbc28152a2c3f65d2445064d489723c4415e1ba3,False,True,False,True,False,1,0,True
password_tautology,2,student_008,bbe22c43793731758dcc38c6dbc28152a2c3f65d2445064d489723c4415e1ba3,False,True,False,True,False,1,0,True
password_tautology,3,student_008,bbe22c43793731758dcc38c6dbc28152a2c3f65d2445064d489723c4415e1ba3,False,True,False,True,False,1,0,True
password_tautology,4,student_008,bbe22c43793731758dcc38c6dbc28152a2c3f65d2445064d489723c4415e1ba3,False,True,False,True,False,1,0,True
password_tautology,1,student_009,c841330c935dfd4617366250d411521874db800ebc890bcb39c9b697e6283a5a,False,True,False,True,False,1,0,True
password_tautology,2,student_009,c841330c935dfd4617366250d411521874db800ebc890bcb39c9b697e6283a5a,False,True,False,True,False,1,0,True
password_tautology,3,student_009,c841330c935dfd4617366250d411521874db800ebc890bcb39c9b697e6283a5a,False,True,False,True,False,1,0,True
password_tautology,4,student_009,c841330c935dfd4617366250d411521874db800ebc890bcb39c9b697e6283a5a,False,True,False,True,False,1,0,True
password_tautology,1,student_010,d1ba48ea32acd06dfca45fe013d0189e9a3ae05fe37725806d0771bed7d2a73d,False,True,False,True,False,1,0,True
password_tautology,2,student_010,d1ba48ea32acd06dfca45fe013d0189e9a3ae05fe37725806d0771bed7d2a73d,False,True,False,True,False,1,0,True
password_tautology,3,student_010,d1ba48ea32acd06dfca45fe013d0189e9a3ae05fe37725806d0771bed7d2a73d,False,True,False,True,False,1,0,True
password_tautology,4,student_010,d1ba48ea32acd06dfca45fe013d0189e9a3ae05fe37725806d0771bed7d2a73d,False,True,False,True,False,1,0,True
password_tautology,1,student_011,a12178bed02b903605d3932d477ff9ebae53afd8a2d14438b5c97a15f0f565ff,False,True,False,True,False,1,0,True
password_tautology,2,student_011,a12178bed02b903605d3932d477ff9ebae53afd8a2d14438b5c97a15f0f565ff,False,True,False,True,False,1,0,True
password_tautology,3,student_011,a12178bed02b903605d3932d477ff9ebae53afd8a2d14438b5c97a15f0f565ff,False,True,False,True,False,1,0,True
password_tautology,4,student_011,a12178bed02b903605d3932d477ff9ebae53afd8a2d14438b5c97a15f0f565ff,False,True,False,True,False,1,0,True
password_tautology,1,student_012,1d2a114ab99b77322a8216deea6f78a42ba676be30f6845982c8a26d433e661f,False,True,False,True,False,1,0,True
password_tautology,2,student_012,1d2a114ab99b77322a8216deea6f78a42ba676be30f6845982c8a26d433e661f,False,True,False,True,False,1,0,True
password_tautology,3,student_012,1d2a114ab99b77322a8216deea6f78a42ba676be30f6845982c8a26d433e661f,False,True,False,True,False,1,0,True
password_tautology,4,student_012,1d2a114ab99b77322a8216deea6f78a42ba676be30f6845982c8a26d433e661f,False,True,False,True,False,1,0,True
password_tautology,1,student_013,7e9c36c2fda418ddb6ba25563467a6aefcb38a5f031ebd38fe9c05ebb550229f,False,True,False,True,False,1,0,True
password_tautology,2,student_013,7e9c36c2fda418ddb6ba25563467a6aefcb38a5f031ebd38fe9c05ebb550229f,False,True,False,True,False,1,0,True
password_tautology,3,student_013,7e9c36c2fda418ddb6ba25563467a6aefcb38a5f031ebd38fe9c05ebb550229f,False,True,False,True,False,1,0,True
password_tautology,4,student_013,7e9c36c2fda418ddb6ba25563467a6aefcb38a5f031ebd38fe9c05ebb550229f,False,True,False,True,False,1,0,True
password_tautology,1,student_014,ae4c62ba23bec389dcf7ada1b0b865d7742c3181462c0a7a75cbecd52b5f9f23,False,True,False,True,False,1,0,True
password_tautology,2,student_014,ae4c62ba23bec389dcf7ada1b0b865d7742c3181462c0a7a75cbecd52b5f9f23,False,True,False,True,False,1,0,True
password_tautology,3,student_014,ae4c62ba23bec389dcf7ada1b0b865d7742c3181462c0a7a75cbecd52b5f9f23,False,True,False,True,False,1,0,True
password_tautology,4,student_014,ae4c62ba23bec389dcf7ada1b0b865d7742c3181462c0a7a75cbecd52b5f9f23,False,True,False,True,False,1,0,True
password_tautology,1,student_015,4aa4e1cbb80f42fa15525eca15a967f8ce47bc2a4a47f788ae832275bb42318c,False,True,False,True,False,1,0,True
password_tautology,2,student_015,4aa4e1cbb80f42fa15525eca15a967f8ce47bc2a4a47f788ae832275bb42318c,False,True,False,True,False,1,0,True
password_tautology,3,student_015,4aa4e1cbb80f42fa15525eca15a967f8ce47bc2a4a47f788ae832275bb42318c,False,True,False,True,False,1,0,True
password_tautology,4,student_015,4aa4e1cbb80f42fa15525eca15a967f8ce47bc2a4a47f788ae832275bb42318c,False,True,False,True,False,1,0,True
password_tautology,1,student_016,1cb07884309a828b38aeaf2ebf59f1107d624a58f440860b19bb7909b4e85c46,False,True,False,True,False,1,0,True
password_tautology,2,student_016,1cb07884309a828b38aeaf2ebf59f1107d624a58f440860b19bb7909b4e85c46,False,True,False,True,False,1,0,True
password_tautology,3,student_016,1cb07884309a828b38aeaf2ebf59f1107d624a58f440860b19bb7909b4e85c46,False,True,False,True,False,1,0,True
password_tautology,4,student_016,1cb07884309a828b38aeaf2ebf59f1107d624a58f440860b19bb7909b4e85c46,False,True,False,True,False,1,0,True
password_tautology,1,student_017,002489b21d9706d643569ec755deb40278109861d3af90d841b32ee04d1e0e46,False,True,False,True,False,1,0,True
password_tautology,2,student_017,002489b21d9706d643569ec755deb40278109861d3af90d841b32ee04d1e0e46,False,True,False,True,False,1,0,True
password_tautology,3,student_017,002489b21d9706d643569ec755deb40278109861d3af90d841b32ee04d1e0e46,False,True,False,True,False,1,0,True
password_tautology,4,student_017,002489b21d9706d643569ec755deb40278109861d3af90d841b32ee04d1e0e46,False,True,False,True,False,1,0,True
password_tautology,1,student_018,15111817576d36a4743d3b0089bcdf7396d3cd6fb02cf44bab1bb4861917adb6,False,True,False,True,False,1,0,True
password_tautology,2,student_018,15111817576d36a4743d3b0089bcdf7396d3cd6fb02cf44bab1bb4861917adb6,False,True,False,True,False,1,0,True
password_tautology,3,student_018,15111817576d36a4743d3b0089bcdf7396d3cd6fb02cf44bab1bb4861917adb6,False,True,False,True,False,1,0,True
password_tautology,4,student_018,15111817576d36a4743d3b0089bcdf7396d3cd6fb02cf44bab1bb4861917adb6,False,True,False,True,False,1,0,True
password_tautology,1,student_019,2e592f090e016657a4d2994db0513e520029fd747244a4bd984df01dc5047cc1,False,True,False,True,False,1,0,True
password_tautology,2,student_019,2e592f090e016657a4d2994db0513e520029fd747244a4bd984df01dc5047cc1,False,True,False,True,False,1,0,True
password_tautology,3,student_019,2e592f090e016657a4d2994db0513e520029fd747244a4bd984df01dc5047cc1,False,True,False,True,False,1,0,True
password_tautology,4,student_019,2e592f090e016657a4d2994db0513e520029fd747244a4bd984df01dc5047cc1,False,True,False,True,False,1,0,True
password_tautology,1,student_020,053458e15132970b1731c6c80160a8923afd9c78d177ab1a6e0769b77ae65816,False,True,False,True,False,1,0,True
password_tautology,2,student_020,053458e15132970b1731c6c80160a8923afd9c78d177ab1a6e0769b77ae65816,False,True,False,True,False,1,0,True
password_tautology,3,student_020,053458e15132970b1731c6c80160a8923afd9c78d177ab1a6e0769b77ae65816,False,True,False,True,False,1,0,True
password_tautology,4,student_020,053458e15132970b1731c6c80160a8923afd9c78d177ab1a6e0769b77ae65816,False,True,False,True,False,1,0,True
password_tautology,1,student_021,ca52a0b102b1a1578b1daa82992f53ca8fb26c8c93efb562d16dc262e9e34d51,False,True,False,True,False,1,0,True
password_tautology,2,student_021,ca52a0b102b1a1578b1daa82992f53ca8fb26c8c93efb562d16dc262e9e34d51,False,True,False,True,False,1,0,True
password_tautology,3,student_021,ca52a0b102b1a1578b1daa82992f53ca8fb26c8c93efb562d16dc262e9e34d51,False,True,False,True,False,1,0,True
password_tautology,4,student_021,ca52a0b102b1a1578b1daa82992f53ca8fb26c8c93efb562d16dc262e9e34d51,False,True,False,True,False,1,0,True
password_tautology,1,student_022,59a4e6ae067647d0306e84c72baf190057e7fde6e4ae4cac731f579a91368fc8,False,True,False,True,False,1,0,True
password_tautology,2,student_022,59a4e6ae067647d0306e84c72baf190057e7fde6e4ae4cac731f579a91368fc8,False,True,False,True,False,1,0,True
password_tautology,3,student_022,59a4e6ae067647d0306e84c72baf190057e7fde6e4ae4cac731f579a91368fc8,False,True,False,True,False,1,0,True
password_tautology,4,student_022,59a4e6ae067647d0306e84c72baf190057e7fde6e4ae4cac731f579a91368fc8,False,True,False,True,False,1,0,True
password_tautology,1,student_023,60f73af47459d3aaf75d284c18a4dcf3ace3b689802abf8a9ea12369c79b399d,False,True,False,True,False,1,0,True
password_tautology,2,student_023,60f73af47459d3aaf75d284c18a4dcf3ace3b689802abf8a9ea12369c79b399d,False,True,False,True,False,1,0,True
password_tautology,3,student_023,60f73af47459d3aaf75d284c18a4dcf3ace3b689802abf8a9ea12369c79b399d,False,True,False,True,False,1,0,True
password_tautology,4,student_023,60f73af47459d3aaf75d284c18a4dcf3ace3b689802abf8a9ea12369c79b399d,False,True,False,True,False,1,0,True
password_tautology,1,student_024,be75b4d07a9305b11e683df015edf4d008071f5f095af4d70c87052d2fb79bf0,False,True,False,True,False,1,0,True
password_tautology,2,student_024,be75b4d07a9305b11e683df015edf4d008071f5f095af4d70c87052d2fb79bf0,False,True,False,True,False,1,0,True
password_tautology,3,student_024,be75b4d07a9305b11e683df015edf4d008071f5f095af4d70c87052d2fb79bf0,False,True,False,True,False,1,0,True
password_tautology,4,student_024,be75b4d07a9305b11e683df015edf4d008071f5f095af4d70c87052d2fb79bf0,False,True,False,True,False,1,0,True
comment_bypass,1,student_000,54dfe49642dc9b741a44137154e9be8293dc52e6cc884e4173a2d437967043b3,False,True,False,True,False,1,0,True
comment_bypass,2,student_000,54dfe49642dc9b741a44137154e9be8293dc52e6cc884e4173a2d437967043b3,False,True,False,True,False,1,0,True
comment_bypass,3,student_000,54dfe49642dc9b741a44137154e9be8293dc52e6cc884e4173a2d437967043b3,False,True,False,True,False,1,0,True
comment_bypass,4,student_000,54dfe49642dc9b741a44137154e9be8293dc52e6cc884e4173a2d437967043b3,False,True,False,True,False,1,0,True
comment_bypass,1,student_001,205fb521bece3d210ab5a57f509d4d69f0e8c7de0e344b9604740a642fe7a3aa,False,True,False,True,False,1,0,True
comment_bypass,2,student_001,205fb521bece3d210ab5a57f509d4d69f0e8c7de0e344b9604740a642fe7a3aa,False,True,False,True,False,1,0,True
comment_bypass,3,student_001,205fb521bece3d210ab5a57f509d4d69f0e8c7de0e344b9604740a642fe7a3aa,False,True,False,True,False,1,0,True
comment_bypass,4,student_001,205fb521bece3d210ab5a57f509d4d69f0e8c7de0e344b9604740a642fe7a3aa,False,True,False,True,False,1,0,True
comment_bypass,1,student_002,889033cf68f472c35318b4b6e21795269cb6f7adfc2786189c146d32dae8919e,False,True,False,True,False,1,0,True
comment_bypass,2,student_002,889033cf68f472c35318b4b6e21795269cb6f7adfc2786189c146d32dae8919e,False,True,False,True,False,1,0,True
comment_bypass,3,student_002,889033cf68f472c35318b4b6e21795269cb6f7adfc2786189c146d32dae8919e,False,True,False,True,False,1,0,True
comment_bypass,4,student_002,889033cf68f472c35318b4b6e21795269cb6f7adfc2786189c146d32dae8919e,False,True,False,True,False,1,0,True
comment_bypass,1,student_003,7e338b3819936c049c336a65a2fdfeefce55deee1186fe92be40410d15556cbe,False,True,False,True,False,1,0,True
comment_bypass,2,student_003,7e338b3819936c049c336a65a2fdfeefce55deee1186fe92be40410d15556cbe,False,True,False,True,False,1,0,True
comment_bypass,3,student_003,7e338b3819936c049c336a65a2fdfeefce55deee1186fe92be40410d15556cbe,False,True,False,True,False,1,0,True
comment_bypass,4,student_003,7e338b3819936c049c336a65a2fdfeefce55deee1186fe92be40410d15556cbe,False,True,False,True,False,1,0,True
comment_bypass,1,student_004,0d615f6b8a9044ea89dcbda41d3c6deb4b3e480e7cc3eb28d34423f4ee04f70e,False,True,False,True,False,1,0,True
comment_bypass,2,student_004,0d615f6b8a9044ea89dcbda41d3c6deb4b3e480e7cc3eb28d34423f4ee04f70e,False,True,False,True,False,1,0,True
comment_bypass,3,student_004,0d615f6b8a9044ea89dcbda41d3c6deb4b3e480e7cc3eb28d34423f4ee04f70e,False,True,False,True,False,1,0,True
comment_bypass,4,student_004,0d615f6b8a9044ea89dcbda41d3c6deb4b3e480e7cc3eb28d34423f4ee04f70e,False,True,False,True,False,1,0,True
comment_bypass,1,student_005,04e872bbc1345aa1765a6ce31ba6f177b08615a9262f41f702708248774b221c,False,True,False,True,False,1,0,True
comment_bypass,2,student_005,04e872bbc1345aa1765a6ce31ba6f177b08615a9262f41f702708248774b221c,False,True,False,True,False,1,0,True
comment_bypass,3,student_005,04e872bbc1345aa1765a6ce31ba6f177b08615a9262f41f702708248774b221c,False,True,False,True,False,1,0,True
comment_bypass,4,student_005,04e872bbc1345aa1765a6ce31ba6f177b08615a9262f41f702708248774b221c,False,True,False,True,False,1,0,True
comment_bypass,1,student_006,85b701241be0c67ab9531653cf3ba952ea5771abf37177ef1a347977b3b4cbcd,False,True,False,True,False,1,0,True
comment_bypass,2,student_006,85b701241be0c67ab9531653cf3ba952ea5771abf37177ef1a347977b3b4cbcd,False,True,False,True,False,1,0,True
comment_bypass,3,student_006,85b701241be0c67ab9531653cf3ba952ea5771abf37177ef1a347977b3b4cbcd,False,True,False,True,False,1,0,True
comment_bypass,4,student_006,85b701241be0c67ab9531653cf3ba952ea5771abf37177ef1a347977b3b4cbcd,False,True,False,True,False,1,0,True
comment_bypass,1,student_007,447f50b19337a45593e5cd05ea8eb212c6ad4d6d73330f4926ea024fa3b35b57,False,True,False,True,False,1,0,True
comment_bypass,2,student_007,447f50b19337a45593e5cd05ea8eb212c6ad4d6d73330f4926ea024fa3b35b57,False,True,False,True,False,1,0,True
comment_bypass,3,student_007,447f50b19337a45593e5cd05ea8eb212c6ad4d6d73330f4926ea024fa3b35b57,False,True,False,True,False,1,0,True
comment_bypass,4,student_007,447f50b19337a45593e5cd05ea8eb212c6ad4d6d73330f4926ea024fa3b35b57,False,True,False,True,False,1,0,True
comment_bypass,1,student_008,cbd576d4535906befe06665ef82992625c96864032455fbf0220276e8abb6f96,False,True,False,True,False,1,0,True
comment_bypass,2,student_008,cbd576d4535906befe06665ef82992625c96864032455fbf0220276e8abb6f96,False,True,False,True,False,1,0,True
comment_bypass,3,student_008,cbd576d4535906befe06665ef82992625c96864032455fbf0220276e8abb6f96,False,True,False,True,False,1,0,True
comment_bypass,4,student_008,cbd576d4535906befe06665ef82992625c96864032455fbf0220276e8abb6f96,False,True,False,True,False,1,0,True
comment_bypass,1,student_009,41b9c9ed9cc10fa8d0c79b100ff95a27d571a0cdba510395e6db79d0a6eb8423,False,True,False,True,False,1,0,True
comment_bypass,2,student_009,41b9c9ed9cc10fa8d0c79b100ff95a27d571a0cdba510395e6db79d0a6eb8423,False,True,False,True,False,1,0,True
comment_bypass,3,student_009,41b9c9ed9cc10fa8d0c79b100ff95a27d571a0cdba510395e6db79d0a6eb8423,False,True,False,True,False,1,0,True
comment_bypass,4,student_009,41b9c9ed9cc10fa8d0c79b100ff95a27d571a0cdba510395e6db79d0a6eb8423,False,True,False,True,False,1,0,True
comment_bypass,1,student_010,eb4d2f1e1541808bac22a7473b3cd7c2160edaf8e1c6022c830d0d5d15e19fbe,False,True,False,True,False,1,0,True
comment_bypass,2,student_010,eb4d2f1e1541808bac22a7473b3cd7c2160edaf8e1c6022c830d0d5d15e19fbe,False,True,False,True,False,1,0,True
comment_bypass,3,student_010,eb4d2f1e1541808bac22a7473b3cd7c2160edaf8e1c6022c830d0d5d15e19fbe,False,True,False,True,False,1,0,True
comment_bypass,4,student_010,eb4d2f1e1541808bac22a7473b3cd7c2160edaf8e1c6022c830d0d5d15e19fbe,False,True,False,True,False,1,0,True
comment_bypass,1,student_011,c9b3f3df8c78f74038e78edbf9126ed5b594f97764fff2a65c53856dccd73d24,False,True,False,True,False,1,0,True
comment_bypass,2,student_011,c9b3f3df8c78f74038e78edbf9126ed5b594f97764fff2a65c53856dccd73d24,False,True,False,True,False,1,0,True
comment_bypass,3,student_011,c9b3f3df8c78f74038e78edbf9126ed5b594f97764fff2a65c53856dccd73d24,False,True,False,True,False,1,0,True
comment_bypass,4,student_011,c9b3f3df8c78f74038e78edbf9126ed5b594f97764fff2a65c53856dccd73d24,False,True,False,True,False,1,0,True
comment_bypass,1,student_012,502ac7ce41d50551c4fad9f71c1441cfb58133f4f4d31e17c192529a697ed0c9,False,True,False,True,False,1,0,True
comment_bypass,2,student_012,502ac7ce41d50551c4fad9f71c1441cfb58133f4f4d31e17c192529a697ed0c9,False,True,False,True,False,1,0,True
comment_bypass,3,student_012,502ac7ce41d50551c4fad9f71c1441cfb58133f4f4d31e17c192529a697ed0c9,False,True,False,True,False,1,0,True
comment_bypass,4,student_012,502ac7ce41d50551c4fad9f71c1441cfb58133f4f4d31e17c192529a697ed0c9,False,True,False,True,False,1,0,True
comment_bypass,1,student_013,3da92bd5d7a3c2630770a3d898caff99b7e13d45604c66d45e5b63c0999c8723,False,True,False,True,False,1,0,True
comment_bypass,2,student_013,3da92bd5d7a3c2630770a3d898caff99b7e13d45604c66d45e5b63c0999c8723,False,True,False,True,False,1,0,True
comment_bypass,3,student_013,3da92bd5d7a3c2630770a3d898caff99b7e13d45604c66d45e5b63c0999c8723,False,True,False,True,False,1,0,True
comment_bypass,4,student_013,3da92bd5d7a3c2630770a3d898caff99b7e13d45604c66d45e5b63c0999c8723,False,True,False,True,False,1,0,True
comment_bypass,1,student_014,265ba3e5a59d72de81b7becc2b9f1554bf43ac696b0203ec3dce124546fac04a,False,True,False,True,False,1,0,True
comment_bypass,2,student_014,265ba3e5a59d72de81b7becc2b9f1554bf43ac696b0203ec3dce124546fac04a,False,True,False,True,False,1,0,True
comment_bypass,3,student_014,265ba3e5a59d72de81b7becc2b9f1554bf43ac696b0203ec3dce124546fac04a,False,True,False,True,False,1,0,True
comment_bypass,4,student_014,265ba3e5a59d72de81b7becc2b9f1554bf43ac696b0203ec3dce124546fac04a,False,True,False,True,False,1,0,True
comment_bypass,1,student_015,7c6fb320ab932134a28b31a9cbb48db08b89a4f304fa0b85f22ff9dbb29104e3,False,True,False,True,False,1,0,True
comment_bypass,2,student_015,7c6fb320ab932134a28b31a9cbb48db08b89a4f304fa0b85f22ff9dbb29104e3,False,True,False,True,False,1,0,True
comment_bypass,3,student_015,7c6fb320ab932134a28b31a9cbb48db08b89a4f304fa0b85f22ff9dbb29104e3,False,True,False,True,False,1,0,True
comment_bypass,4,student_015,7c6fb320ab932134a28b31a9cbb48db08b89a4f304fa0b85f22ff9dbb29104e3,False,True,False,True,False,1,0,True
comment_bypass,1,student_016,c350710b3a955768b08321c1970e346d3969ca644092a8d1230759c62d3522e1,False,True,False,True,False,1,0,True
comment_bypass,2,student_016,c350710b3a955768b08321c1970e346d3969ca644092a8d1230759c62d3522e1,False,True,False,True,False,1,0,True
comment_bypass,3,student_016,c350710b3a955768b08321c1970e346d3969ca644092a8d1230759c62d3522e1,False,True,False,True,False,1,0,True
comment_bypass,4,student_016,c350710b3a955768b08321c1970e346d3969ca644092a8d1230759c62d3522e1,False,True,False,True,False,1,0,True
comment_bypass,1,student_017,e9872c961da97c1bf962f2fc537a0db274421ebc6837b2727c5dea82a3b1a02c,False,True,False,True,False,1,0,True
comment_bypass,2,student_017,e9872c961da97c1bf962f2fc537a0db274421ebc6837b2727c5dea82a3b1a02c,False,True,False,True,False,1,0,True
comment_bypass,3,student_017,e9872c961da97c1bf962f2fc537a0db274421ebc6837b2727c5dea82a3b1a02c,False,True,False,True,False,1,0,True
comment_bypass,4,student_017,e9872c961da97c1bf962f2fc537a0db274421ebc6837b2727c5dea82a3b1a02c,False,True,False,True,False,1,0,True
comment_bypass,1,student_018,deff1f497a4c54b53c6aff6a9173d348e797f863ba8a7ef2d700b3894bec6b79,False,True,False,True,False,1,0,True
comment_bypass,2,student_018,deff1f497a4c54b53c6aff6a9173d348e797f863ba8a7ef2d700b3894bec6b79,False,True,False,True,False,1,0,True
comment_bypass,3,student_018,deff1f497a4c54b53c6aff6a9173d348e797f863ba8a7ef2d700b3894bec6b79,False,True,False,True,False,1,0,True
comment_bypass,4,student_018,deff1f497a4c54b53c6aff6a9173d348e797f863ba8a7ef2d700b3894bec6b79,False,True,False,True,False,1,0,True
comment_bypass,1,student_019,b43eeaef0ea4adbe8d33e1c22051ba88964a592c2315bd1998e6a8f73fc73be5,False,True,False,True,False,1,0,True
comment_bypass,2,student_019,b43eeaef0ea4adbe8d33e1c22051ba88964a592c2315bd1998e6a8f73fc73be5,False,True,False,True,False,1,0,True
comment_bypass,3,student_019,b43eeaef0ea4adbe8d33e1c22051ba88964a592c2315bd1998e6a8f73fc73be5,False,True,False,True,False,1,0,True
comment_bypass,4,student_019,b43eeaef0ea4adbe8d33e1c22051ba88964a592c2315bd1998e6a8f73fc73be5,False,True,False,True,False,1,0,True
comment_bypass,1,student_020,c2cb89f7c8dd6fa99429a76d3f237bfcc345b9d333d1556bd995648e9e04ed93,False,True,False,True,False,1,0,True
comment_bypass,2,student_020,c2cb89f7c8dd6fa99429a76d3f237bfcc345b9d333d1556bd995648e9e04ed93,False,True,False,True,False,1,0,True
comment_bypass,3,student_020,c2cb89f7c8dd6fa99429a76d3f237bfcc345b9d333d1556bd995648e9e04ed93,False,True,False,True,False,1,0,True
comment_bypass,4,student_020,c2cb89f7c8dd6fa99429a76d3f237bfcc345b9d333d1556bd995648e9e04ed93,False,True,False,True,False,1,0,True
comment_bypass,1,student_021,43a0731a835d69920222b8d3ddcbee6d1cab87f0d887118f1647478c247cb7f9,False,True,False,True,False,1,0,True
comment_bypass,2,student_021,43a0731a835d69920222b8d3ddcbee6d1cab87f0d887118f1647478c247cb7f9,False,True,False,True,False,1,0,True
comment_bypass,3,student_021,43a0731a835d69920222b8d3ddcbee6d1cab87f0d887118f1647478c247cb7f9,False,True,False,True,False,1,0,True
comment_bypass,4,student_021,43a0731a835d69920222b8d3ddcbee6d1cab87f0d887118f1647478c247cb7f9,False,True,False,True,False,1,0,True
comment_bypass,1,student_022,a51d7ccc799566b3e91666cd4130ad07481e6590faf7b32522dfaac6ad5eed96,False,True,False,True,False,1,0,True
comment_bypass,2,student_022,a51d7ccc799566b3e91666cd4130ad07481e6590faf7b32522dfaac6ad5eed96,False,True,False,True,False,1,0,True
comment_bypass,3,student_022,a51d7ccc799566b3e91666cd4130ad07481e6590faf7b32522dfaac6ad5eed96,False,True,False,True,False,1,0,True
comment_bypass,4,student_022,a51d7ccc799566b3e91666cd4130ad07481e6590faf7b32522dfaac6ad5eed96,False,True,False,True,False,1,0,True
comment_bypass,1,student_023,cc0d7900facf6418ad1566633e97657a882c501274eaf6d42ee440f8bc7f09fc,False,True,False,True,False,1,0,True
comment_bypass,2,student_023,cc0d7900facf6418ad1566633e97657a882c501274eaf6d42ee440f8bc7f09fc,False,True,False,True,False,1,0,True
comment_bypass,3,student_023,cc0d7900facf6418ad1566633e97657a882c501274eaf6d42ee440f8bc7f09fc,False,True,False,True,False,1,0,True
comment_bypass,4,student_023,cc0d7900facf6418ad1566633e97657a882c501274eaf6d42ee440f8bc7f09fc,False,True,False,True,False,1,0,True
comment_bypass,1,student_024,d88115c1c0203a47e6526ed409ac08f22a23a511c4c48cf80556eea1d9a75eef,False,True,False,True,False,1,0,True
comment_bypass,2,student_024,d88115c1c0203a47e6526ed409ac08f22a23a511c4c48cf80556eea1d9a75eef,False,True,False,True,False,1,0,True
comment_bypass,3,student_024,d88115c1c0203a47e6526ed409ac08f22a23a511c4c48cf80556eea1d9a75eef,False,True,False,True,False,1,0,True
comment_bypass,4,student_024,d88115c1c0203a47e6526ed409ac08f22a23a511c4c48cf80556eea1d9a75eef,False,True,False,True,False,1,0,True
union_exposure,1,student_000,31aa71bc8bf83fd11b18690880faf5aa4a8a96e128f1ad16cf04b812f31511c5,False,False,False,False,False,25,0,True
union_exposure,2,student_000,31aa71bc8bf83fd11b18690880faf5aa4a8a96e128f1ad16cf04b812f31511c5,False,False,False,False,False,25,0,True
union_exposure,3,student_000,31aa71bc8bf83fd11b18690880faf5aa4a8a96e128f1ad16cf04b812f31511c5,False,False,False,False,False,25,0,True
union_exposure,4,student_000,31aa71bc8bf83fd11b18690880faf5aa4a8a96e128f1ad16cf04b812f31511c5,False,False,False,False,False,25,0,True
union_exposure,1,student_001,31aa71bc8bf83fd11b18690880faf5aa4a8a96e128f1ad16cf04b812f31511c5,False,False,False,False,False,25,0,True
union_exposure,2,student_001,31aa71bc8bf83fd11b18690880faf5aa4a8a96e128f1ad16cf04b812f31511c5,False,False,False,False,False,25,0,True
union_exposure,3,student_001,31aa71bc8bf83fd11b18690880faf5aa4a8a96e128f1ad16cf04b812f31511c5,False,False,False,False,False,25,0,True
union_exposure,4,student_001,31aa71bc8bf83fd11b18690880faf5aa4a8a96e128f1ad16cf04b812f31511c5,False,False,False,False,False,25,0,True
union_exposure,1,student_002,31aa71bc8bf83fd11b18690880faf5aa4a8a96e128f1ad16cf04b812f31511c5,False,False,False,False,False,25,0,True
union_exposure,2,student_002,31aa71bc8bf83fd11b18690880faf5aa4a8a96e128f1ad16cf04b812f31511c5,False,False,False,False,False,25,0,True
union_exposure,3,student_002,31aa71bc8bf83fd11b18690880faf5aa4a8a96e128f1ad16cf04b812f31511c5,False,False,False,False,False,25,0,True
union_exposure,4,student_002,31aa71bc8bf83fd11b18690880faf5aa4a8a96e128f1ad16cf04b812f31511c5,False,False,False,False,False,25,0,True
union_exposure,1,student_003,31aa71bc8bf83fd11b18690880faf5aa4a8a96e128f1ad16cf04b812f31511c5,False,False,False,False,False,25,0,True
union_exposure,2,student_003,31aa71bc8bf83fd11b18690880faf5aa4a8a96e128f1ad16cf04b812f31511c5,False,False,False,False,False,25,0,True
union_exposure,3,student_003,31aa71bc8bf83fd11b18690880faf5aa4a8a96e128f1ad16cf04b812f31511c5,False,False,False,False,False,25,0,True
union_exposure,4,student_003,31aa71bc8bf83fd11b18690880faf5aa4a8a96e128f1ad16cf04b812f31511c5,False,False,False,False,False,25,0,True
union_exposure,1,student_004,31aa71bc8bf83fd11b18690880faf5aa4a8a96e128f1ad16cf04b812f31511c5,False,False,False,False,False,25,0,True
union_exposure,2,student_004,31aa71bc8bf83fd11b18690880faf5aa4a8a96e128f1ad16cf04b812f31511c5,False,False,False,False,False,25,0,True
union_exposure,3,student_004,31aa71bc8bf83fd11b18690880faf5aa4a8a96e128f1ad16cf04b812f31511c5,False,False,False,False,False,25,0,True
union_exposure,4,student_004,31aa71bc8bf83fd11b18690880faf5aa4a8a96e128f1ad16cf04b812f31511c5,False,False,False,False,False,25,0,True
union_exposure,1,student_005,31aa71bc8bf83fd11b18690880faf5aa4a8a96e128f1ad16cf04b812f31511c5,False,False,False,False,False,25,0,True
union_exposure,2,student_005,31aa71bc8bf83fd11b18690880faf5aa4a8a96e128f1ad16cf04b812f31511c5,False,False,False,False,False,25,0,True
union_exposure,3,student_005,31aa71bc8bf83fd11b18690880faf5aa4a8a96e128f1ad16cf04b812f31511c5,False,False,False,False,False,25,0,True
union_exposure,4,student_005,31aa71bc8bf83fd11b18690880faf5aa4a8a96e128f1ad16cf04b812f31511c5,False,False,False,False,False,25,0,True
union_exposure,1,student_006,31aa71bc8bf83fd11b18690880faf5aa4a8a96e128f1ad16cf04b812f31511c5,False,False,False,False,False,25,0,True
union_exposure,2,student_006,31aa71bc8bf83fd11b18690880faf5aa4a8a96e128f1ad16cf04b812f31511c5,False,False,False,False,False,25,0,True
union_exposure,3,student_006,31aa71bc8bf83fd11b18690880faf5aa4a8a96e128f1ad16cf04b812f31511c5,False,False,False,False,False,25,0,True
union_exposure,4,student_006,31aa71bc8bf83fd11b18690880faf5aa4a8a96e128f1ad16cf04b812f31511c5,False,False,False,False,False,25,0,True
union_exposure,1,student_007,31aa71bc8bf83fd11b18690880faf5aa4a8a96e128f1ad16cf04b812f31511c5,False,False,False,False,False,25,0,True
union_exposure,2,student_007,31aa71bc8bf83fd11b18690880faf5aa4a8a96e128f1ad16cf04b812f31511c5,False,False,False,False,False,25,0,True
union_exposure,3,student_007,31aa71bc8bf83fd11b18690880faf5aa4a8a96e128f1ad16cf04b812f31511c5,False,False,False,False,False,25,0,True
union_exposure,4,student_007,31aa71bc8bf83fd11b18690880faf5aa4a8a96e128f1ad16cf04b812f31511c5,False,False,False,False,False,25,0,True
union_exposure,1,student_008,31aa71bc8bf83fd11b18690880faf5aa4a8a96e128f1ad16cf04b812f31511c5,False,False,False,False,False,25,0,True
union_exposure,2,student_008,31aa71bc8bf83fd11b18690880faf5aa4a8a96e128f1ad16cf04b812f31511c5,False,False,False,False,False,25,0,True
union_exposure,3,student_008,31aa71bc8bf83fd11b18690880faf5aa4a8a96e128f1ad16cf04b812f31511c5,False,False,False,False,False,25,0,True
union_exposure,4,student_008,31aa71bc8bf83fd11b18690880faf5aa4a8a96e128f1ad16cf04b812f31511c5,False,False,False,False,False,25,0,True
union_exposure,1,student_009,31aa71bc8bf83fd11b18690880faf5aa4a8a96e128f1ad16cf04b812f31511c5,False,False,False,False,False,25,0,True
union_exposure,2,student_009,31aa71bc8bf83fd11b18690880faf5aa4a8a96e128f1ad16cf04b812f31511c5,False,False,False,False,False,25,0,True
union_exposure,3,student_009,31aa71bc8bf83fd11b18690880faf5aa4a8a96e128f1ad16cf04b812f31511c5,False,False,False,False,False,25,0,True
union_exposure,4,student_009,31aa71bc8bf83fd11b18690880faf5aa4a8a96e128f1ad16cf04b812f31511c5,False,False,False,False,False,25,0,True
union_exposure,1,student_010,31aa71bc8bf83fd11b18690880faf5aa4a8a96e128f1ad16cf04b812f31511c5,False,False,False,False,False,25,0,True
union_exposure,2,student_010,31aa71bc8bf83fd11b18690880faf5aa4a8a96e128f1ad16cf04b812f31511c5,False,False,False,False,False,25,0,True
union_exposure,3,student_010,31aa71bc8bf83fd11b18690880faf5aa4a8a96e128f1ad16cf04b812f31511c5,False,False,False,False,False,25,0,True
union_exposure,4,student_010,31aa71bc8bf83fd11b18690880faf5aa4a8a96e128f1ad16cf04b812f31511c5,False,False,False,False,False,25,0,True
union_exposure,1,student_011,31aa71bc8bf83fd11b18690880faf5aa4a8a96e128f1ad16cf04b812f31511c5,False,False,False,False,False,25,0,True
union_exposure,2,student_011,31aa71bc8bf83fd11b18690880faf5aa4a8a96e128f1ad16cf04b812f31511c5,False,False,False,False,False,25,0,True
union_exposure,3,student_011,31aa71bc8bf83fd11b18690880faf5aa4a8a96e128f1ad16cf04b812f31511c5,False,False,False,False,False,25,0,True
union_exposure,4,student_011,31aa71bc8bf83fd11b18690880faf5aa4a8a96e128f1ad16cf04b812f31511c5,False,False,False,False,False,25,0,True
union_exposure,1,student_012,31aa71bc8bf83fd11b18690880faf5aa4a8a96e128f1ad16cf04b812f31511c5,False,False,False,False,False,25,0,True
union_exposure,2,student_012,31aa71bc8bf83fd11b18690880faf5aa4a8a96e128f1ad16cf04b812f31511c5,False,False,False,False,False,25,0,True
union_exposure,3,student_012,31aa71bc8bf83fd11b18690880faf5aa4a8a96e128f1ad16cf04b812f31511c5,False,False,False,False,False,25,0,True
union_exposure,4,student_012,31aa71bc8bf83fd11b18690880faf5aa4a8a96e128f1ad16cf04b812f31511c5,False,False,False,False,False,25,0,True
union_exposure,1,student_013,31aa71bc8bf83fd11b18690880faf5aa4a8a96e128f1ad16cf04b812f31511c5,False,False,False,False,False,25,0,True
union_exposure,2,student_013,31aa71bc8bf83fd11b18690880faf5aa4a8a96e128f1ad16cf04b812f31511c5,False,False,False,False,False,25,0,True
union_exposure,3,student_013,31aa71bc8bf83fd11b18690880faf5aa4a8a96e128f1ad16cf04b812f31511c5,False,False,False,False,False,25,0,True
union_exposure,4,student_013,31aa71bc8bf83fd11b18690880faf5aa4a8a96e128f1ad16cf04b812f31511c5,False,False,False,False,False,25,0,True
union_exposure,1,student_014,31aa71bc8bf83fd11b18690880faf5aa4a8a96e128f1ad16cf04b812f31511c5,False,False,False,False,False,25,0,True
union_exposure,2,student_014,31aa71bc8bf83fd11b18690880faf5aa4a8a96e128f1ad16cf04b812f31511c5,False,False,False,False,False,25,0,True
union_exposure,3,student_014,31aa71bc8bf83fd11b18690880faf5aa4a8a96e128f1ad16cf04b812f31511c5,False,False,False,False,False,25,0,True
union_exposure,4,student_014,31aa71bc8bf83fd11b18690880faf5aa4a8a96e128f1ad16cf04b812f31511c5,False,False,False,False,False,25,0,True
union_exposure,1,student_015,31aa71bc8bf83fd11b18690880faf5aa4a8a96e128f1ad16cf04b812f31511c5,False,False,False,False,False,25,0,True
union_exposure,2,student_015,31aa71bc8bf83fd11b18690880faf5aa4a8a96e128f1ad16cf04b812f31511c5,False,False,False,False,False,25,0,True
union_exposure,3,student_015,31aa71bc8bf83fd11b18690880faf5aa4a8a96e128f1ad16cf04b812f31511c5,False,False,False,False,False,25,0,True
union_exposure,4,student_015,31aa71bc8bf83fd11b18690880faf5aa4a8a96e128f1ad16cf04b812f31511c5,False,False,False,False,False,25,0,True
union_exposure,1,student_016,31aa71bc8bf83fd11b18690880faf5aa4a8a96e128f1ad16cf04b812f31511c5,False,False,False,False,False,25,0,True
union_exposure,2,student_016,31aa71bc8bf83fd11b18690880faf5aa4a8a96e128f1ad16cf04b812f31511c5,False,False,False,False,False,25,0,True
union_exposure,3,student_016,31aa71bc8bf83fd11b18690880faf5aa4a8a96e128f1ad16cf04b812f31511c5,False,False,False,False,False,25,0,True
union_exposure,4,student_016,31aa71bc8bf83fd11b18690880faf5aa4a8a96e128f1ad16cf04b812f31511c5,False,False,False,False,False,25,0,True
union_exposure,1,student_017,31aa71bc8bf83fd11b18690880faf5aa4a8a96e128f1ad16cf04b812f31511c5,False,False,False,False,False,25,0,True
union_exposure,2,student_017,31aa71bc8bf83fd11b18690880faf5aa4a8a96e128f1ad16cf04b812f31511c5,False,False,False,False,False,25,0,True
union_exposure,3,student_017,31aa71bc8bf83fd11b18690880faf5aa4a8a96e128f1ad16cf04b812f31511c5,False,False,False,False,False,25,0,True
union_exposure,4,student_017,31aa71bc8bf83fd11b18690880faf5aa4a8a96e128f1ad16cf04b812f31511c5,False,False,False,False,False,25,0,True
union_exposure,1,student_018,31aa71bc8bf83fd11b18690880faf5aa4a8a96e128f1ad16cf04b812f31511c5,False,False,False,False,False,25,0,True
union_exposure,2,student_018,31aa71bc8bf83fd11b18690880faf5aa4a8a96e128f1ad16cf04b812f31511c5,False,False,False,False,False,25,0,True
union_exposure,3,student_018,31aa71bc8bf83fd11b18690880faf5aa4a8a96e128f1ad16cf04b812f31511c5,False,False,False,False,False,25,0,True
union_exposure,4,student_018,31aa71bc8bf83fd11b18690880faf5aa4a8a96e128f1ad16cf04b812f31511c5,False,False,False,False,False,25,0,True
union_exposure,1,student_019,31aa71bc8bf83fd11b18690880faf5aa4a8a96e128f1ad16cf04b812f31511c5,False,False,False,False,False,25,0,True
union_exposure,2,student_019,31aa71bc8bf83fd11b18690880faf5aa4a8a96e128f1ad16cf04b812f31511c5,False,False,False,False,False,25,0,True
union_exposure,3,student_019,31aa71bc8bf83fd11b18690880faf5aa4a8a96e128f1ad16cf04b812f31511c5,False,False,False,False,False,25,0,True
union_exposure,4,student_019,31aa71bc8bf83fd11b18690880faf5aa4a8a96e128f1ad16cf04b812f31511c5,False,False,False,False,False,25,0,True
union_exposure,1,student_020,31aa71bc8bf83fd11b18690880faf5aa4a8a96e128f1ad16cf04b812f31511c5,False,False,False,False,False,25,0,True
union_exposure,2,student_020,31aa71bc8bf83fd11b18690880faf5aa4a8a96e128f1ad16cf04b812f31511c5,False,False,False,False,False,25,0,True
union_exposure,3,student_020,31aa71bc8bf83fd11b18690880faf5aa4a8a96e128f1ad16cf04b812f31511c5,False,False,False,False,False,25,0,True
union_exposure,4,student_020,31aa71bc8bf83fd11b18690880faf5aa4a8a96e128f1ad16cf04b812f31511c5,False,False,False,False,False,25,0,True
union_exposure,1,student_021,31aa71bc8bf83fd11b18690880faf5aa4a8a96e128f1ad16cf04b812f31511c5,False,False,False,False,False,25,0,True
union_exposure,2,student_021,31aa71bc8bf83fd11b18690880faf5aa4a8a96e128f1ad16cf04b812f31511c5,False,False,False,False,False,25,0,True
union_exposure,3,student_021,31aa71bc8bf83fd11b18690880faf5aa4a8a96e128f1ad16cf04b812f31511c5,False,False,False,False,False,25,0,True
union_exposure,4,student_021,31aa71bc8bf83fd11b18690880faf5aa4a8a96e128f1ad16cf04b812f31511c5,False,False,False,False,False,25,0,True
union_exposure,1,student_022,31aa71bc8bf83fd11b18690880faf5aa4a8a96e128f1ad16cf04b812f31511c5,False,False,False,False,False,25,0,True
union_exposure,2,student_022,31aa71bc8bf83fd11b18690880faf5aa4a8a96e128f1ad16cf04b812f31511c5,False,False,False,False,False,25,0,True
union_exposure,3,student_022,31aa71bc8bf83fd11b18690880faf5aa4a8a96e128f1ad16cf04b812f31511c5,False,False,False,False,False,25,0,True
union_exposure,4,student_022,31aa71bc8bf83fd11b18690880faf5aa4a8a96e128f1ad16cf04b812f31511c5,False,False,False,False,False,25,0,True
union_exposure,1,student_023,31aa71bc8bf83fd11b18690880faf5aa4a8a96e128f1ad16cf04b812f31511c5,False,False,False,False,False,25,0,True
union_exposure,2,student_023,31aa71bc8bf83fd11b18690880faf5aa4a8a96e128f1ad16cf04b812f31511c5,False,False,False,False,False,25,0,True
union_exposure,3,student_023,31aa71bc8bf83fd11b18690880faf5aa4a8a96e128f1ad16cf04b812f31511c5,False,False,False,False,False,25,0,True
union_exposure,4,student_023,31aa71bc8bf83fd11b18690880faf5aa4a8a96e128f1ad16cf04b812f31511c5,False,False,False,False,False,25,0,True
union_exposure,1,student_024,31aa71bc8bf83fd11b18690880faf5aa4a8a96e128f1ad16cf04b812f31511c5,False,False,False,False,False,25,0,True
union_exposure,2,student_024,31aa71bc8bf83fd11b18690880faf5aa4a8a96e128f1ad16cf04b812f31511c5,False,False,False,False,False,25,0,True
union_exposure,3,student_024,31aa71bc8bf83fd11b18690880faf5aa4a8a96e128f1ad16cf04b812f31511c5,False,False,False,False,False,25,0,True
union_exposure,4,student_024,31aa71bc8bf83fd11b18690880faf5aa4a8a96e128f1ad16cf04b812f31511c5,False,False,False,False,False,25,0,True
